Version,Clause Number,Clause Title,Clause Description,Location Type,Location Name,Compliant,Comment,Url
Compliance Run Nov-2020,'1-1-1,Cybersecurity Strategy,"A cybersecurity strategy must be defined, documented and approved. It must be supported by the head of the organization or his/her delegate (referred to in this document as Authorizing Official). The strategy goals must be in-line with related laws and regulations.",Company,National Water Company,Not evaluated,,
Compliance Run Nov-2020,'1-1-2,Cybersecurity Strategy,A roadmap must be executed to implement the cybersecurity strategy.,Company,National Water Company,Not evaluated,,
Compliance Run Nov-2020,'1-1-3,Cybersecurity Strategy,The cybersecurity strategy must be reviewed periodically according to planned intervals or upon changes to related laws and regulations.,Company,National Water Company,Not evaluated,,
Compliance Run Nov-2020,'1-10-1,Cybersecurity Awareness and Training Program,"A cybersecurity awareness program must be developed and approved. The program must be conducted periodically through multiple channels to strengthen the awareness about cybersecurity, cyber threats and risks, and to build a positive cybersecurity awareness culture.",Company,National Water Company,Not evaluated,,
Compliance Run Nov-2020,'1-10-2,Cybersecurity Awareness and Training Program,The cybersecurity awareness program must be implemented.,Company,National Water Company,Not evaluated,,
Compliance Run Nov-2020,'1-10-3-1,Cybersecurity Awareness and Training Program,"Secure handling of email services, especially phishing emails. . ",Company,National Water Company,Not evaluated,,
Compliance Run Nov-2020,'1-10-3-2,Cybersecurity Awareness and Training Program,Secure handling of mobile devices and storage media,Company,National Water Company,Not evaluated,,
Compliance Run Nov-2020,'1-10-3-3,Cybersecurity Awareness and Training Program,Secure Internet browsing.,Company,National Water Company,Not evaluated,,
Compliance Run Nov-2020,'1-10-3-4,Cybersecurity Awareness and Training Program,Secure use of social media.,Company,National Water Company,Not evaluated,,
Compliance Run Nov-2020,'1-10-4-1,Cybersecurity Awareness and Training Program,Cybersecurity functionâs personnel.,Company,National Water Company,Not evaluated,,
Compliance Run Nov-2020,'1-10-4-2,Cybersecurity Awareness and Training Program,Personnel working on software/application development. and information and technology assets operations.,Company,National Water Company,Not evaluated,,
Compliance Run Nov-2020,'1-10-4-3,Cybersecurity Awareness and Training Program,Executive and supervisory positions.,Company,National Water Company,Not evaluated,,
Compliance Run Nov-2020,'1-10-5,Cybersecurity Awareness and Training Program,The implementation of the cybersecurity awareness program must be reviewed periodically.,Company,National Water Company,Not evaluated,,
Compliance Run Nov-2020,'1-2-1,Cybersecurity Management,"A dedicated cybersecurity function (e.g., division, department) must be established within the organization. This function must be independent from the Information Technology/Information Communication and Technology (IT/ICT) functions (as per the Royal Decree number 37140 dated 14/8/1438H). It is highly recommended that this cybersecurity function reports directly to the head of the organization or his/her delegate while ensuring that this does not result in a conflict of interest.",Company,National Water Company,Not evaluated,,
Compliance Run Nov-2020,'1-2-2,Cybersecurity Management,"The position of cybersecurity function head (e.g., CISO), and related supervisory and critical positions within the function, must be filled with full-time and experienced Saudi cybersecurity professionals.",Company,National Water Company,Not evaluated,,
Compliance Run Nov-2020,'1-2-3,Cybersecurity Management,"A cybersecurity steering committee must be established by the Authorizing Official to ensure the support and implementation of the cybersecurity programs and initiatives within the organization. Committee members, roles and responsibilities, and governance framework must be defined, documented and approved. The committee must include the head of the cybersecurity function as one of its members. It is highly recommended that the committee reports directly to the head of the organization or his/her delegate while ensuring that this does not result in a conflict of interest.",Company,National Water Company,Not evaluated,,
Compliance Run Nov-2020,'1-3-1,Cybersecurity Policies and Procedures,"Cybersecurity policies and procedures must be defined and documented by the cybersecurity function, approved by the Authorizing Official, and disseminated to relevant parties inside and outside the organization.",Company,National Water Company,No,"NWC OT Cybersecurity Policies and Procedures aren't defined, documented and approved.",
Compliance Run Nov-2020,'1-3-2,Cybersecurity Policies and Procedures,The cybersecurity function must ensure that the cybersecurity policies and procedures are implemented.,Company,National Water Company,No,NWC OT Cybersecurity Policies and Procedures aren't implemented.,
Compliance Run Nov-2020,'1-3-3,Cybersecurity Policies and Procedures,"The cybersecurity policies and procedures must be supported by technical security standards (e.g., operating systems, databases and firewall technical security standards).",Company,National Water Company,No,"NWC OT Cybersecurity Policies and Procedures aren't defined, documented and approved.",
Compliance Run Nov-2020,'1-3-4,Cybersecurity Policies and Procedures,The cybersecurity policies and procedures must be reviewed periodically according to planned intervals or upon changes to related laws and regulations. Changes and reviews must be approved and documented.,Company,National Water Company,No,NWC OT Cybersecurity Policies and Procedures aren't implemented and no relevant review information available.,
Compliance Run Nov-2020,'1-4-2,Cybersecurity Roles and Responsibilities,The cybersecurity roles and responsibilities must be reviewed periodically according to planned intervals or upon changes to related laws and regulations.,Company,National Water Company,Not evaluated,,
Compliance Run Nov-2020,'1-4-1,Cybersecurity Roles and Responsibilities,"Cybersecurity organizational structure and related roles and responsibilities must be defined, documented, approved, supported and assigned by the Authorizing Official while ensuring that this does not result in a conflict of interest.",Company,National Water Company,Not evaluated,,
Compliance Run Nov-2020,'1-5-1,Cybersecurity Risk Management,"Cybersecurity risk management methodology and procedures must be defined, documented and approved as per confidentiality, integrity and availability considerations of information and technology assets.",Company,National Water Company,No,"NWC OT Cybersecurity Risk Management Policy and Procedure aren't defined, documented and approved.",
Compliance Run Nov-2020,'1-5-2,Cybersecurity Risk Management,The cybersecurity risk management methodology and procedures must be implemented by the cybersecurity function.,Company,National Water Company,No,NWC OT Cybersecurity Risk Management Policy and Procedure aren't implemented.,
Compliance Run Nov-2020,'1-5-3-1 ,Cybersecurity Risk Management,Early stages of technology projects.,Company,National Water Company,No,NWC OT Cybersecurity Risk Management Policy and Procedure aren't implemented.,
Compliance Run Nov-2020,'1-5-3-2 ,Cybersecurity Risk Management,Before making major changes to technology infrastructure.,Company,National Water Company,No,NWC OT Cybersecurity Risk Management Policy and Procedure aren't implemented.,
Compliance Run Nov-2020,'1-5-3-3 ,Cybersecurity Risk Management,During the planning phase of obtaining third party services.,Company,National Water Company,No,NWC OT Cybersecurity Risk Management Policy and Procedure aren't implemented.,
Compliance Run Nov-2020,'1-5-4,Cybersecurity Risk Management,The cybersecurity risk management methodology and procedures must be reviewed periodically according to planned intervals or upon changes to related laws and regulations. Changes and reviews must be approved and documented.,Company,National Water Company,No,NWC OT Cybersecurity Risk Management Policy and Procedure aren't implemented and no relevant review information available.,
Compliance Run Nov-2020,'1-5-3-4 ,Cybersecurity Risk Management,During the planning phase and before going live for new technology services and products.,Company,National Water Company,No,NWC OT Cybersecurity Risk Management Policy and Procedure aren't implemented.,
Compliance Run Nov-2020,'1-6-1,Cybersecurity in Information and Technology Project Management,Cybersecurity requirements must be included in project and asset (information/ technology) change management methodology and procedures to identify and manage cybersecurity risks as part of project management lifecycle. The cybersecurity requirements must be a key part of the overall requirements of technology projects.,Company,National Water Company,Not evaluated,,
Compliance Run Nov-2020,'1-6-2-1,Cybersecurity in Information and Technology Project Management,Vulnerability assessment and remediation.,Company,National Water Company,Not evaluated,,
Compliance Run Nov-2020,'1-6-2-2,Cybersecurity in Information and Technology Project Management,"Conducting a configurationsâ review, secure configuration and hardening and patching before changes or going live for technology projects.",Company,National Water Company,Not evaluated,,
Compliance Run Nov-2020,'1-6-3-1,Cybersecurity in Information and Technology Project Management,Using secure coding standards.,Company,National Water Company,Not evaluated,,
Compliance Run Nov-2020,'1-6-3-2,Cybersecurity in Information and Technology Project Management, Using trusted and licensed sources for software development tools and libraries.,Company,National Water Company,Not evaluated,,
Compliance Run Nov-2020,'1-6-3-3,Cybersecurity in Information and Technology Project Management, Conducting compliance test for software against the defined organizational cybersecurity requirements.,Company,National Water Company,Not evaluated,,
Compliance Run Nov-2020,'1-6-3-4,Cybersecurity in Information and Technology Project Management, Secure integration between software components.,Company,National Water Company,Not evaluated,,
Compliance Run Nov-2020,'1-6-3-5,Cybersecurity in Information and Technology Project Management," Conducting a configurationsâ review, secure configuration and hardening and patching before going live for software products.",Company,National Water Company,Not evaluated,,
Compliance Run Nov-2020,'1-6-4,Cybersecurity in Information and Technology Project Management,The cybersecurity requirements in project management must be reviewed periodically.,Company,National Water Company,Not evaluated,,
Compliance Run Nov-2020,'1-7-1,"Compliance with Cybersecurity Standards, Laws and Regulations",The organization must comply with related national cybersecurity laws and regulations.,Company,National Water Company,No,,
Compliance Run Nov-2020,'1-7-2,"Compliance with Cybersecurity Standards, Laws and Regulations",The organization must comply with any nationally-approved international agreements and commiments related to cybersecurity.,Company,National Water Company,No,,
Compliance Run Nov-2020,'1-8-1,Periodical Cybersecurity Review and Audit,Cybersecurity reviews must be conducted periodically by the cybersecurity function in the organization to assess the compliance with the cybersecurity controls in the organization.,Company,National Water Company,Not evaluated,,
Compliance Run Nov-2020,'1-8-2,Periodical Cybersecurity Review and Audit,"Cybersecurity audits and reviews must be conducted by independent parties outside the cybersecurity function (e.g., Internal Audit function) to assess the compliance with the cybersecurity controls in the organization. Audits and reviews must be conducted independently, while ensuring that this does not result in a conflict of interest, as per the Generally Accepted Auditing Standards (GAAS), and related laws and regulations.",Company,National Water Company,Not evaluated,,
Compliance Run Nov-2020,'1-8-3,Periodical Cybersecurity Review and Audit,"Results from the cybersecurity audits and reviews must be documented and presented to the cybersecurity steering committee and Authorizing Official. Results must include the audit/review scope, observations, recommendations and remediation plans.",Company,National Water Company,Not evaluated,,
Compliance Run Nov-2020,'1-9-1,Cybersecurity in Human Resources,"Personnel cybersecurity requirements (prior to employment, during employment and after termination/separation) must be defined, documented and approved.",Company,National Water Company,Not evaluated,,
Compliance Run Nov-2020,'1-9-2,Cybersecurity in Human Resources,The personnel cybersecurity requirements must be implemented.,Company,National Water Company,Not evaluated,,
Compliance Run Nov-2020,'1-9-3-1 ,Cybersecurity in Human Resources,Inclusion of personnel cybersecurity responsibilities and non-disclosure clauses (covering the cybersecurity requirements during employment and after termination/ separation) in employment contracts.,Company,National Water Company,Not evaluated,,
Compliance Run Nov-2020,'1-9-3-2 ,Cybersecurity in Human Resources,Screening or vetting candidates of cybersecurity and critical/privileged positions.,Company,National Water Company,Not evaluated,,
Compliance Run Nov-2020,'1-9-4-1,Cybersecurity in Human Resources,Cybersecurity awareness (during on-boarding and during employment).,Company,National Water Company,Not evaluated,,
Compliance Run Nov-2020,'1-9-4-2,Cybersecurity in Human Resources,Implementation of and compliance with the cybersecurity requirements as per the organizational cybersecurity policies and procedures.,Company,National Water Company,Not evaluated,,
Compliance Run Nov-2020,'1-9-5,Cybersecurity in Human Resources,Personnel access to information and technology assets must be reviewed and removed immediately upon termination/separation.,Company,National Water Company,Not evaluated,,
Compliance Run Nov-2020,'1-9-6,Cybersecurity in Human Resources,Personnel cybersecurity requirements must be reviewed periodically.,Company,National Water Company,Not evaluated,,
Compliance Run Nov-2020,'2,Cybersecurity Defense,,Company,National Water Company,,,
Compliance Run Nov-2020,'2-1-1,Asset Management,"Cybersecurity requirements for managing information and technology assets must be defined, documented and approved.",Company,National Water Company,No,"NWC OT Cybersecurity Asset Management Policy and Procedure are not defined, documented and approved.",
Compliance Run Nov-2020,'2-1-2,Asset Management,The cybersecurity requirements for managing information and technology assets must be implemented.,Unit,Makkah Business Unit,No,"NWC OT Cybersecurity Asset Management Policy and Procedure are not available, thus, no implemented.",
Compliance Run Nov-2020,'2-1-2,Asset Management,The cybersecurity requirements for managing information and technology assets must be implemented.,Unit,Riyadh Business Unit,No,"NWC OT Cybersecurity Asset Management Policy and Procedure are not available, thus, no implemented.",
Compliance Run Nov-2020,'2-1-2,Asset Management,The cybersecurity requirements for managing information and technology assets must be implemented.,Unit,Head Quarter,Not evaluated,,
Compliance Run Nov-2020,'2-1-2,Asset Management,The cybersecurity requirements for managing information and technology assets must be implemented.,Unit,Jeddah Business Unit,No,"NWC OT Cybersecurity Asset Management Policy and Procedure are not available, thus, no implemented.",
Compliance Run Nov-2020,'2-1-3,Asset Management,"Acceptable use policy of information and technology assets must be defined, documented and approved.",Company,National Water Company,No,"NWC OT Cybersecurity Acceptable Use Policy and Procedure are not defined, documented and approved.",
Compliance Run Nov-2020,'2-1-4,Asset Management,Acceptable use policy of information and technology assets must be implemented.,Unit,Makkah Business Unit,No,"NWC OT Cybersecurity Acceptable Use Policy and Procedure are not available, thus, is not implemented.",
Compliance Run Nov-2020,'2-1-4,Asset Management,Acceptable use policy of information and technology assets must be implemented.,Unit,Riyadh Business Unit,No,"NWC OT Cybersecurity Acceptable Use Policy and Procedure are not available, thus, is not implemented.",
Compliance Run Nov-2020,'2-1-4,Asset Management,Acceptable use policy of information and technology assets must be implemented.,Unit,Head Quarter,Not evaluated,,
Compliance Run Nov-2020,'2-1-4,Asset Management,Acceptable use policy of information and technology assets must be implemented.,Unit,Jeddah Business Unit,No,"NWC OT Cybersecurity Acceptable Use Policy and Procedure are not available, thus, is not implemented.",
Compliance Run Nov-2020,'2-1-5,Asset Management,"Information and technology assets must be classified, labeled and handled as per related law and regulatory requirements.",Unit,Makkah Business Unit,No,"NWC OT Cybersecurity Asset Management Policy and Procedure are not defined, documented, approved and are not implemented.",
Compliance Run Nov-2020,'2-1-5,Asset Management,"Information and technology assets must be classified, labeled and handled as per related law and regulatory requirements.",Unit,Riyadh Business Unit,No,"NWC OT Cybersecurity Asset Management Policy and Procedure are not defined, documented, approved and are not implemented.",
Compliance Run Nov-2020,'2-1-5,Asset Management,"Information and technology assets must be classified, labeled and handled as per related law and regulatory requirements.",Unit,Head Quarter,Not evaluated,,
Compliance Run Nov-2020,'2-1-5,Asset Management,"Information and technology assets must be classified, labeled and handled as per related law and regulatory requirements.",Unit,Jeddah Business Unit,No,"NWC OT Cybersecurity Asset Management Policy and Procedure are not defined, documented, approved and are not implemented.",
Compliance Run Nov-2020,'2-1-6,Asset Management,The cybersecurity requirements for managing information and technology assets must be reviewed periodically.,Company,National Water Company,No,,
Compliance Run Nov-2020,'2-10-1,Vulnerabilities Management,"Cybersecurity requirements for technical vulnerabilities management must be defined, documented and approved.",Company,National Water Company,Not evaluated,Vulnerability Management System didn't exist in NWC OT Environment,
Compliance Run Nov-2020,'2-10-2,Vulnerabilities Management,The cybersecurity requirements for technical vulnerabilities management must be implemented.,Unit,Makkah Business Unit,Not evaluated,,
Compliance Run Nov-2020,'2-10-2,Vulnerabilities Management,The cybersecurity requirements for technical vulnerabilities management must be implemented.,Unit,Riyadh Business Unit,Not evaluated,,
Compliance Run Nov-2020,'2-10-2,Vulnerabilities Management,The cybersecurity requirements for technical vulnerabilities management must be implemented.,Unit,Head Quarter,Not evaluated,,
Compliance Run Nov-2020,'2-10-2,Vulnerabilities Management,The cybersecurity requirements for technical vulnerabilities management must be implemented.,Unit,Jeddah Business Unit,Not evaluated,,
Compliance Run Nov-2020,'2-10-3,Vulnerabilities Management,The cybersecurity requirements for technical vulnerabilities management must include at least the following:,Unit,Makkah Business Unit,Not evaluated,,
Compliance Run Nov-2020,'2-10-3,Vulnerabilities Management,The cybersecurity requirements for technical vulnerabilities management must include at least the following:,Unit,Riyadh Business Unit,Not evaluated,,
Compliance Run Nov-2020,'2-10-3,Vulnerabilities Management,The cybersecurity requirements for technical vulnerabilities management must include at least the following:,Unit,Head Quarter,Not evaluated,,
Compliance Run Nov-2020,'2-10-3,Vulnerabilities Management,The cybersecurity requirements for technical vulnerabilities management must include at least the following:,Unit,Jeddah Business Unit,Not evaluated,,
Compliance Run Nov-2020,'2-10-3-1,Vulnerabilities Management,Periodic vulnerabilities assessments.,Unit,Makkah Business Unit,Not evaluated,,
Compliance Run Nov-2020,'2-10-3-1,Vulnerabilities Management,Periodic vulnerabilities assessments.,Unit,Riyadh Business Unit,Not evaluated,,
Compliance Run Nov-2020,'2-10-3-1,Vulnerabilities Management,Periodic vulnerabilities assessments.,Unit,Head Quarter,Not evaluated,,
Compliance Run Nov-2020,'2-10-3-1,Vulnerabilities Management,Periodic vulnerabilities assessments.,Unit,Jeddah Business Unit,Not evaluated,,
Compliance Run Nov-2020,'2-10-3-2,Vulnerabilities Management,Vulnerabilities classification based on criticality level.,Unit,Makkah Business Unit,Not evaluated,,
Compliance Run Nov-2020,'2-10-3-2,Vulnerabilities Management,Vulnerabilities classification based on criticality level.,Unit,Riyadh Business Unit,Not evaluated,,
Compliance Run Nov-2020,'2-10-3-2,Vulnerabilities Management,Vulnerabilities classification based on criticality level.,Unit,Head Quarter,Not evaluated,,
Compliance Run Nov-2020,'2-10-3-2,Vulnerabilities Management,Vulnerabilities classification based on criticality level.,Unit,Jeddah Business Unit,Not evaluated,,
Compliance Run Nov-2020,'2-10-3-3,Vulnerabilities Management,Vulnerabilities remediation based on classification and associated risk levels. ,Unit,Makkah Business Unit,Not evaluated,,
Compliance Run Nov-2020,'2-10-3-3,Vulnerabilities Management,Vulnerabilities remediation based on classification and associated risk levels. ,Unit,Riyadh Business Unit,Not evaluated,,
Compliance Run Nov-2020,'2-10-3-3,Vulnerabilities Management,Vulnerabilities remediation based on classification and associated risk levels. ,Unit,Head Quarter,Not evaluated,,
Compliance Run Nov-2020,'2-10-3-3,Vulnerabilities Management,Vulnerabilities remediation based on classification and associated risk levels. ,Unit,Jeddah Business Unit,Not evaluated,,
Compliance Run Nov-2020,'2-10-3-4,Vulnerabilities Management,Security patch management.,Unit,Makkah Business Unit,No,"NWC OT Cybersecurity Patch Management Policy and Procedure aren't defined, documented and approved.
Only Windows based Machines are patched using IT WSUS. Other non-windows assets aren't patched to latest available patches.",
Compliance Run Nov-2020,'2-10-3-4,Vulnerabilities Management,Security patch management.,Unit,Riyadh Business Unit,No,"NWC OT Cybersecurity Patch Management Policy and Procedure aren't defined, documented and approved.
Only Windows based Machines are patched using IT WSUS. Other non-windows assets aren't patched to latest available patches.",
Compliance Run Nov-2020,'2-10-3-4,Vulnerabilities Management,Security patch management.,Unit,Head Quarter,Not evaluated,,
Compliance Run Nov-2020,'2-10-3-4,Vulnerabilities Management,Security patch management.,Unit,Jeddah Business Unit,No,"NWC OT Cybersecurity Patch Management Policy and Procedure aren't defined, documented and approved.
Only Windows based Machines are patched using IT WSUS. Other non-windows assets aren't patched to latest available patches.",
Compliance Run Nov-2020,'2-10-4,Vulnerabilities Management,The cybersecurity requirements for technical vulnerabilities management must be reviewed periodically.,Unit,Makkah Business Unit,Not evaluated,,
Compliance Run Nov-2020,'2-10-4,Vulnerabilities Management,The cybersecurity requirements for technical vulnerabilities management must be reviewed periodically.,Unit,Riyadh Business Unit,Not evaluated,,
Compliance Run Nov-2020,'2-10-4,Vulnerabilities Management,The cybersecurity requirements for technical vulnerabilities management must be reviewed periodically.,Unit,Head Quarter,Not evaluated,,
Compliance Run Nov-2020,'2-10-4,Vulnerabilities Management,The cybersecurity requirements for technical vulnerabilities management must be reviewed periodically.,Unit,Jeddah Business Unit,Not evaluated,,
Compliance Run Nov-2020,'2-10-3-5,Vulnerabilities Management,Subscription with authorized and trusted cybersecurity resources for up-to-date information and notifications on technical vulnerabilities.,Company,National Water Company,Not evaluated,,
Compliance Run Nov-2020,'2-11,Penetration Testing,To assess and evaluate the efficiency of the organizationâs cybersecurity defense capabilities through simulated cyber-attacks to discover unknown weaknesses within the technical infrastructure that may lead to a cyber breach.,Company,National Water Company,Not evaluated,,
Compliance Run Nov-2020,'2-11-1,Penetration Testing,"Cybersecurity requirements for penetration testing exercises must be defined, documented and approved.",Company,National Water Company,Not evaluated,,
Compliance Run Nov-2020,'2-11-2,Penetration Testing,The cybersecurity requirements for penetration testing processes must be implemented.,Company,National Water Company,Not evaluated,,
Compliance Run Nov-2020,'2-11-3,Penetration Testing,The cybersecurity requirements for penetration testing processes must include at least the following:,Company,National Water Company,Not evaluated,,
Compliance Run Nov-2020,'2-11-3-1,Penetration Testing,"Scope of penetration tests which must cover Internet-facing services and its technical components including infrastructure, websites, web applications, mobile apps, email and remote access.",Company,National Water Company,Not evaluated,,
Compliance Run Nov-2020,'2-11-3-2,Penetration Testing,Conducting penetration tests periodically.,Company,National Water Company,Not evaluated,,
Compliance Run Nov-2020,'2-11-4,Penetration Testing,Cybersecurity requirements for penetration testing processes must be reviewed periodically.,Company,National Water Company,Not evaluated,,
Compliance Run Nov-2020,'2-12-1,Cybersecurity Event Logs and Monitoring Management,"Cybersecurity requirements for event logs and monitoring management must be defined, documented and approved.",Company,National Water Company,Not evaluated,NWC IT SIEM contains NWC OT relevant information. No further information is available.,
Compliance Run Nov-2020,'2-12-2,Cybersecurity Event Logs and Monitoring Management,The cybersecurity requirements for event logs and monitoring management must be implemented.,Unit,Makkah Business Unit,Not evaluated,,
Compliance Run Nov-2020,'2-12-2,Cybersecurity Event Logs and Monitoring Management,The cybersecurity requirements for event logs and monitoring management must be implemented.,Unit,Riyadh Business Unit,Not evaluated,,
Compliance Run Nov-2020,'2-12-2,Cybersecurity Event Logs and Monitoring Management,The cybersecurity requirements for event logs and monitoring management must be implemented.,Unit,Head Quarter,Not evaluated,,
Compliance Run Nov-2020,'2-12-2,Cybersecurity Event Logs and Monitoring Management,The cybersecurity requirements for event logs and monitoring management must be implemented.,Unit,Jeddah Business Unit,Not evaluated,No information is available,
Compliance Run Nov-2020,'2-12-3,Cybersecurity Event Logs and Monitoring Management,The cybersecurity requirements for event logs and monitoring management must include at least the following:,Company,National Water Company,,,
Compliance Run Nov-2020,'2-12-3-1,Cybersecurity Event Logs and Monitoring Management,Activation of cybersecurity event logs on critical information assets.,Unit,Makkah Business Unit,Not evaluated,,
Compliance Run Nov-2020,'2-12-3-1,Cybersecurity Event Logs and Monitoring Management,Activation of cybersecurity event logs on critical information assets.,Unit,Riyadh Business Unit,Not evaluated,,
Compliance Run Nov-2020,'2-12-3-1,Cybersecurity Event Logs and Monitoring Management,Activation of cybersecurity event logs on critical information assets.,Unit,Head Quarter,Not evaluated,,
Compliance Run Nov-2020,'2-12-3-1,Cybersecurity Event Logs and Monitoring Management,Activation of cybersecurity event logs on critical information assets.,Unit,Jeddah Business Unit,Not evaluated,,
Compliance Run Nov-2020,'2-12-3-2,Cybersecurity Event Logs and Monitoring Management,Activation of cybersecurity event logs on remote access and privileged user accounts.  ,Unit,Makkah Business Unit,Not evaluated,,
Compliance Run Nov-2020,'2-12-3-2,Cybersecurity Event Logs and Monitoring Management,Activation of cybersecurity event logs on remote access and privileged user accounts.  ,Unit,Riyadh Business Unit,Not evaluated,,
Compliance Run Nov-2020,'2-12-3-2,Cybersecurity Event Logs and Monitoring Management,Activation of cybersecurity event logs on remote access and privileged user accounts.  ,Unit,Head Quarter,Not evaluated,,
Compliance Run Nov-2020,'2-12-3-2,Cybersecurity Event Logs and Monitoring Management,Activation of cybersecurity event logs on remote access and privileged user accounts.  ,Unit,Jeddah Business Unit,Not evaluated,,
Compliance Run Nov-2020,'2-12-3-3,Cybersecurity Event Logs and Monitoring Management,"Identification of required technologies (e.g., SIEM) for cybersecurity event logs collection.",Unit,Makkah Business Unit,Not evaluated,,
Compliance Run Nov-2020,'2-12-3-3,Cybersecurity Event Logs and Monitoring Management,"Identification of required technologies (e.g., SIEM) for cybersecurity event logs collection.",Unit,Riyadh Business Unit,Not evaluated,,
Compliance Run Nov-2020,'2-12-3-3,Cybersecurity Event Logs and Monitoring Management,"Identification of required technologies (e.g., SIEM) for cybersecurity event logs collection.",Unit,Head Quarter,Not evaluated,,
Compliance Run Nov-2020,'2-12-3-3,Cybersecurity Event Logs and Monitoring Management,"Identification of required technologies (e.g., SIEM) for cybersecurity event logs collection.",Unit,Jeddah Business Unit,Not evaluated,,
Compliance Run Nov-2020,'2-12-3-4,Cybersecurity Event Logs and Monitoring Management,Continuous monitoring of cybersecurity events.,Unit,Makkah Business Unit,Not evaluated,,
Compliance Run Nov-2020,'2-12-3-4,Cybersecurity Event Logs and Monitoring Management,Continuous monitoring of cybersecurity events.,Unit,Riyadh Business Unit,Not evaluated,,
Compliance Run Nov-2020,'2-12-3-4,Cybersecurity Event Logs and Monitoring Management,Continuous monitoring of cybersecurity events.,Unit,Head Quarter,Not evaluated,,
Compliance Run Nov-2020,'2-12-3-4,Cybersecurity Event Logs and Monitoring Management,Continuous monitoring of cybersecurity events.,Unit,Jeddah Business Unit,Not evaluated,,
Compliance Run Nov-2020,'2-12-3-5,Cybersecurity Event Logs and Monitoring Management,Retention period for cybersecurity event logs (must be 12 months minimum).,Company,National Water Company,Not evaluated,,
Compliance Run Nov-2020,'2-12-4,Cybersecurity Event Logs and Monitoring Management,The cybersecurity requirements for event logs and monitoring management must be reviewed periodically.,Unit,Makkah Business Unit,Not evaluated,,
Compliance Run Nov-2020,'2-12-4,Cybersecurity Event Logs and Monitoring Management,The cybersecurity requirements for event logs and monitoring management must be reviewed periodically.,Unit,Riyadh Business Unit,Not evaluated,,
Compliance Run Nov-2020,'2-12-4,Cybersecurity Event Logs and Monitoring Management,The cybersecurity requirements for event logs and monitoring management must be reviewed periodically.,Unit,Head Quarter,Not evaluated,,
Compliance Run Nov-2020,'2-12-4,Cybersecurity Event Logs and Monitoring Management,The cybersecurity requirements for event logs and monitoring management must be reviewed periodically.,Unit,Jeddah Business Unit,Not evaluated,,
Compliance Run Nov-2020,'2-13-1,Cybersecurity Incident and Threat Management,"Requirements for cybersecurity incidents and threat management must be defined, documented and approved.",Company,National Water Company,Not evaluated,NWC IT Incident Response is applied to NWC OT/SCADA. No further information is available.,
Compliance Run Nov-2020,'2-13-2,Cybersecurity Incident and Threat Management,The requirements for cybersecurity incidents and threat management must be implemented.,Unit,Makkah Business Unit,Not evaluated,,
Compliance Run Nov-2020,'2-13-2,Cybersecurity Incident and Threat Management,The requirements for cybersecurity incidents and threat management must be implemented.,Unit,Riyadh Business Unit,Not evaluated,,
Compliance Run Nov-2020,'2-13-2,Cybersecurity Incident and Threat Management,The requirements for cybersecurity incidents and threat management must be implemented.,Unit,Head Quarter,Not evaluated,,
Compliance Run Nov-2020,'2-13-2,Cybersecurity Incident and Threat Management,The requirements for cybersecurity incidents and threat management must be implemented.,Unit,Jeddah Business Unit,Not evaluated,,
Compliance Run Nov-2020,'2-13-3,Cybersecurity Incident and Threat Management,The requirements for cybersecurity incidents and threat management must include at least the following:,Company,National Water Company,,,
Compliance Run Nov-2020,'2-13-3-1,Cybersecurity Incident and Threat Management,Cybersecurity incident response plans and escalation procedures.,Unit,Makkah Business Unit,Not evaluated,,
Compliance Run Nov-2020,'2-13-3-1,Cybersecurity Incident and Threat Management,Cybersecurity incident response plans and escalation procedures.,Unit,Riyadh Business Unit,Not evaluated,,
Compliance Run Nov-2020,'2-13-3-1,Cybersecurity Incident and Threat Management,Cybersecurity incident response plans and escalation procedures.,Unit,Head Quarter,Not evaluated,,
Compliance Run Nov-2020,'2-13-3-1,Cybersecurity Incident and Threat Management,Cybersecurity incident response plans and escalation procedures.,Unit,Jeddah Business Unit,Not evaluated,,
Compliance Run Nov-2020,'2-13-3-2,Cybersecurity Incident and Threat Management,Cybersecurity incidents classification.,Company,National Water Company,Not evaluated,,
Compliance Run Nov-2020,'2-13-3-3,Cybersecurity Incident and Threat Management,Cybersecurity incidents reporting to NCA.,Unit,Makkah Business Unit,Not evaluated,,
Compliance Run Nov-2020,'2-13-3-3,Cybersecurity Incident and Threat Management,Cybersecurity incidents reporting to NCA.,Unit,Riyadh Business Unit,Not evaluated,,
Compliance Run Nov-2020,'2-13-3-3,Cybersecurity Incident and Threat Management,Cybersecurity incidents reporting to NCA.,Unit,Head Quarter,Not evaluated,,
Compliance Run Nov-2020,'2-13-3-3,Cybersecurity Incident and Threat Management,Cybersecurity incidents reporting to NCA.,Unit,Jeddah Business Unit,Not evaluated,,
Compliance Run Nov-2020,'2-13-3-4,Cybersecurity Incident and Threat Management,"Sharing incidents notifications, threat intelligence, breach indicators and reports with NCA.",Unit,Makkah Business Unit,Not evaluated,,
Compliance Run Nov-2020,'2-13-3-4,Cybersecurity Incident and Threat Management,"Sharing incidents notifications, threat intelligence, breach indicators and reports with NCA.",Unit,Riyadh Business Unit,Not evaluated,,
Compliance Run Nov-2020,'2-13-3-4,Cybersecurity Incident and Threat Management,"Sharing incidents notifications, threat intelligence, breach indicators and reports with NCA.",Unit,Head Quarter,Not evaluated,,
Compliance Run Nov-2020,'2-13-3-4,Cybersecurity Incident and Threat Management,"Sharing incidents notifications, threat intelligence, breach indicators and reports with NCA.",Unit,Jeddah Business Unit,Not evaluated,,
Compliance Run Nov-2020,'2-13-3-5,Cybersecurity Incident and Threat Management,Collecting and handling threat intelligence feeds.,Unit,Makkah Business Unit,Not evaluated,,
Compliance Run Nov-2020,'2-13-3-5,Cybersecurity Incident and Threat Management,Collecting and handling threat intelligence feeds.,Unit,Riyadh Business Unit,Not evaluated,,
Compliance Run Nov-2020,'2-13-3-5,Cybersecurity Incident and Threat Management,Collecting and handling threat intelligence feeds.,Unit,Head Quarter,Not evaluated,,
Compliance Run Nov-2020,'2-13-3-5,Cybersecurity Incident and Threat Management,Collecting and handling threat intelligence feeds.,Unit,Jeddah Business Unit,Not evaluated,,
Compliance Run Nov-2020,'2-13-4,Cybersecurity Incident and Threat Management,The requirements for cybersecurity incidents and threat management must be reviewed periodically.,Unit,Makkah Business Unit,Not evaluated,,
Compliance Run Nov-2020,'2-13-4,Cybersecurity Incident and Threat Management,The requirements for cybersecurity incidents and threat management must be reviewed periodically.,Unit,Riyadh Business Unit,Not evaluated,,
Compliance Run Nov-2020,'2-13-4,Cybersecurity Incident and Threat Management,The requirements for cybersecurity incidents and threat management must be reviewed periodically.,Unit,Head Quarter,Not evaluated,,
Compliance Run Nov-2020,'2-13-4,Cybersecurity Incident and Threat Management,The requirements for cybersecurity incidents and threat management must be reviewed periodically.,Unit,Jeddah Business Unit,Not evaluated,,
Compliance Run Nov-2020,'2-14-1,Physical Security,"Cybersecurity requirements for physical protection of information and technology assets must be defined, documented and approved.",Company,National Water Company,No,"NWC OT Cybersecurity Physical Security Policy and Procedure aren't defined, documented, approved. ",
Compliance Run Nov-2020,'2-14-2,Physical Security,The cybersecurity requirements for physical protection of information and technology assets must be implemented.,Unit,Makkah Business Unit,No,"NWC OT Cybersecurity Physical Security Policy and Procedure aren't defined, documented and approved. ",
Compliance Run Nov-2020,'2-14-2,Physical Security,The cybersecurity requirements for physical protection of information and technology assets must be implemented.,Unit,Riyadh Business Unit,No,"NWC OT Cybersecurity Physical Security Policy and Procedure aren't defined, documented and approved. ",
Compliance Run Nov-2020,'2-14-2,Physical Security,The cybersecurity requirements for physical protection of information and technology assets must be implemented.,Unit,Head Quarter,Not evaluated,,
Compliance Run Nov-2020,'2-14-2,Physical Security,The cybersecurity requirements for physical protection of information and technology assets must be implemented.,Unit,Jeddah Business Unit,No,"NWC OT Cybersecurity Physical Security Policy and Procedure aren't defined, documented and approved. ",
Compliance Run Nov-2020,'2-14-3,Physical Security,The cybersecurity requirements for physical protection of information and technology assets must include at least the following:,Unit,Makkah Business Unit,,,
Compliance Run Nov-2020,'2-14-3,Physical Security,The cybersecurity requirements for physical protection of information and technology assets must include at least the following:,Unit,Riyadh Business Unit,,,
Compliance Run Nov-2020,'2-14-3,Physical Security,The cybersecurity requirements for physical protection of information and technology assets must include at least the following:,Unit,Head Quarter,,,
Compliance Run Nov-2020,'2-14-3,Physical Security,The cybersecurity requirements for physical protection of information and technology assets must include at least the following:,Unit,Jeddah Business Unit,,,
Compliance Run Nov-2020,'2-14-3-1,Physical Security,"Authorized access to sensitive areas within the organization (e.g., data center, disaster recovery center, sensitive information processing facilities, security surveillance center, network cabinets).",Unit,Makkah Business Unit,No,"NWC OT Cybersecurity Physical Security Policy and Procedure aren't defined, documented and approved. Whereas, Facility Security has SOP related to Facility Access.",
Compliance Run Nov-2020,'2-14-3-1,Physical Security,"Authorized access to sensitive areas within the organization (e.g., data center, disaster recovery center, sensitive information processing facilities, security surveillance center, network cabinets).",Unit,Riyadh Business Unit,No,"NWC OT Cybersecurity Physical Security Policy and Procedure aren't defined, documented and approved. Whereas, Facility Security has SOP related to Facility Access.",
Compliance Run Nov-2020,'2-14-3-1,Physical Security,"Authorized access to sensitive areas within the organization (e.g., data center, disaster recovery center, sensitive information processing facilities, security surveillance center, network cabinets).",Unit,Head Quarter,No,"NWC OT Cybersecurity Physical Security Policy and Procedure aren't defined, documented and approved. Whereas, Facility Security has SOP related to Facility Access.",
Compliance Run Nov-2020,'2-14-3-1,Physical Security,"Authorized access to sensitive areas within the organization (e.g., data center, disaster recovery center, sensitive information processing facilities, security surveillance center, network cabinets).",Unit,Jeddah Business Unit,No,"NWC OT Cybersecurity Physical Security Policy and Procedure aren't defined, documented and approved. Whereas, Facility Security has SOP related to Facility Access.",
Compliance Run Nov-2020,'2-14-3-2,Physical Security,Facility entry/exit records and CCTV monitoring. ,Unit,Makkah Business Unit,No,"NWC OT Cybersecurity Physical Security Policy and Procedure aren't defined, documented and approved. Whereas, Facility Security has SOP to maintain Manual Entry/Exit Records and implemented CCTV at some location.",
Compliance Run Nov-2020,'2-14-3-2,Physical Security,Facility entry/exit records and CCTV monitoring. ,Unit,Riyadh Business Unit,No,"NWC OT Cybersecurity Physical Security Policy and Procedure aren't defined, documented and approved. Whereas, Facility Security has SOP to maintain Manual Entry/Exit Records and implemented CCTV at some location.",
Compliance Run Nov-2020,'2-14-3-2,Physical Security,Facility entry/exit records and CCTV monitoring. ,Unit,Head Quarter,No,"NWC OT Cybersecurity Physical Security Policy and Procedure aren't defined, documented and approved. Whereas, Facility Security has SOP to maintain Manual Entry/Exit Records and implemented CCTV at some location.",
Compliance Run Nov-2020,'2-14-3-2,Physical Security,Facility entry/exit records and CCTV monitoring. ,Unit,Jeddah Business Unit,No,"NWC OT Cybersecurity Physical Security Policy and Procedure aren't defined, documented and approved. Whereas, Facility Security has SOP to maintain Manual Entry/Exit Records and implemented CCTV at some location.",
Compliance Run Nov-2020,'2-14-3-3,Physical Security,Protection of facility entry/exit and surveillance records.,Unit,Makkah Business Unit,No,"NWC OT Cybersecurity Physical Security Policy and Procedure aren't defined, documented and approved. Whereas, Facility Security has SOP to maintain Manual Entry/Exit Records and implemented CCTV at some location.",
Compliance Run Nov-2020,'2-14-3-3,Physical Security,Protection of facility entry/exit and surveillance records.,Unit,Riyadh Business Unit,No,"NWC OT Cybersecurity Physical Security Policy and Procedure aren't defined, documented and approved. Whereas, Facility Security has SOP to maintain Manual Entry/Exit Records and implemented CCTV at some location.",
Compliance Run Nov-2020,'2-14-3-3,Physical Security,Protection of facility entry/exit and surveillance records.,Unit,Head Quarter,No,"NWC OT Cybersecurity Physical Security Policy and Procedure aren't defined, documented and approved. Whereas, Facility Security has SOP to maintain Manual Entry/Exit Records and implemented CCTV at some location.",
Compliance Run Nov-2020,'2-14-3-3,Physical Security,Protection of facility entry/exit and surveillance records.,Unit,Jeddah Business Unit,No,"NWC OT Cybersecurity Physical Security Policy and Procedure aren't defined, documented and approved. Whereas, Facility Security has SOP to maintain Manual Entry/Exit Records and implemented CCTV at some location.",
Compliance Run Nov-2020,'2-14-3-4,Physical Security,Secure destruction and re-use of physical assets that hold classified information (including documents and storage media).,Unit,Makkah Business Unit,No,"NWC OT Cybersecurity Asset Management Policy and Procedure aren't defined, documented and approved. IT Asset Management Policy and Procedure are used instead.",
Compliance Run Nov-2020,'2-14-3-4,Physical Security,Secure destruction and re-use of physical assets that hold classified information (including documents and storage media).,Unit,Riyadh Business Unit,No,"NWC OT Cybersecurity Asset Management Policy and Procedure aren't defined, documented and approved. IT Asset Management Policy and Procedure are used instead.",
Compliance Run Nov-2020,'2-14-3-4,Physical Security,Secure destruction and re-use of physical assets that hold classified information (including documents and storage media).,Unit,Head Quarter,No,"NWC OT Cybersecurity Asset Management Policy and Procedure aren't defined, documented and approved. IT Asset Management Policy and Procedure are used instead.",
Compliance Run Nov-2020,'2-14-3-4,Physical Security,Secure destruction and re-use of physical assets that hold classified information (including documents and storage media).,Unit,Jeddah Business Unit,No,"NWC OT Cybersecurity Asset Management Policy and Procedure aren't defined, documented and approved. IT Asset Management Policy and Procedure are used instead.",
Compliance Run Nov-2020,'2-14-3-5,Physical Security,Security of devices and equipment inside and outside the organizationâs facilities.,Unit,Makkah Business Unit,No,"NWC OT Cybersecurity Physical Security Policy and Procedure aren't defined, documented and approved. NWC IT Policy and Procedure are used instead.",
Compliance Run Nov-2020,'2-14-3-5,Physical Security,Security of devices and equipment inside and outside the organizationâs facilities.,Unit,Riyadh Business Unit,No,"NWC OT Cybersecurity Physical Security Policy and Procedure aren't defined, documented and approved. NWC IT Policy and Procedure are used instead.",
Compliance Run Nov-2020,'2-14-3-5,Physical Security,Security of devices and equipment inside and outside the organizationâs facilities.,Unit,Head Quarter,No,"NWC OT Cybersecurity Physical Security Policy and Procedure aren't defined, documented and approved. NWC IT Policy and Procedure are used instead.",
Compliance Run Nov-2020,'2-14-3-5,Physical Security,Security of devices and equipment inside and outside the organizationâs facilities.,Unit,Jeddah Business Unit,No,"NWC OT Cybersecurity Physical Security Policy and Procedure aren't defined, documented and approved. NWC IT Policy and Procedure are used instead.",
Compliance Run Nov-2020,'2-14-4,Physical Security,The cybersecurity requirements for physical protection of information and technology assets must be reviewed periodically.,Unit,Makkah Business Unit,No,"NWC OT Cybersecurity Physical Security Policy and Procedure aren't defined, documented, approved and thus no implemented. There is no relevant review information available.",
Compliance Run Nov-2020,'2-14-4,Physical Security,The cybersecurity requirements for physical protection of information and technology assets must be reviewed periodically.,Unit,Riyadh Business Unit,No,"NWC OT Cybersecurity Physical Security Policy and Procedure aren't defined, documented, approved and thus no implemented. There is no relevant review information available.",
Compliance Run Nov-2020,'2-14-4,Physical Security,The cybersecurity requirements for physical protection of information and technology assets must be reviewed periodically.,Unit,Head Quarter,Not evaluated,,
Compliance Run Nov-2020,'2-14-4,Physical Security,The cybersecurity requirements for physical protection of information and technology assets must be reviewed periodically.,Unit,Jeddah Business Unit,No,"NWC OT Cybersecurity Physical Security Policy and Procedure aren't defined, documented, approved and thus no implemented. There is no relevant review information available.",
Compliance Run Nov-2020,'2-2-1,Identity and Access Management,"Cybersecurity requirements for identity and access management must be defined, documented and approved.",Company,National Water Company,No,"NWC OT Cybersecurity Access Control Policy and Procedure aren't defined, documented and approved. ",
Compliance Run Nov-2020,'2-2-2,Identity and Access Management,The cybersecurity requirements for identity and access management must be implemented.,Unit,Makkah Business Unit,Not evaluated,,
Compliance Run Nov-2020,'2-2-2,Identity and Access Management,The cybersecurity requirements for identity and access management must be implemented.,Unit,Riyadh Business Unit,Not evaluated,,
Compliance Run Nov-2020,'2-2-2,Identity and Access Management,The cybersecurity requirements for identity and access management must be implemented.,Unit,Head Quarter,Not evaluated,,
Compliance Run Nov-2020,'2-2-2,Identity and Access Management,The cybersecurity requirements for identity and access management must be implemented.,Unit,Jeddah Business Unit,Not evaluated,,
Compliance Run Nov-2020,'2-2-3,Identity and Access Management,The cybersecurity requirements for identity and access management must include at least the following,Company,National Water Company,,,
Compliance Run Nov-2020,'2-2-3-1,Identity and Access Management,User authentication based on username and password.,Unit,Makkah Business Unit,Not evaluated,,
Compliance Run Nov-2020,'2-2-3-1,Identity and Access Management,User authentication based on username and password.,Unit,Riyadh Business Unit,Not evaluated,,
Compliance Run Nov-2020,'2-2-3-1,Identity and Access Management,User authentication based on username and password.,Unit,Head Quarter,Not evaluated,,
Compliance Run Nov-2020,'2-2-3-1,Identity and Access Management,User authentication based on username and password.,Unit,Jeddah Business Unit,Not evaluated,,
Compliance Run Nov-2020,'2-2-3-3,Identity and Access Management,"User authorization based on identity and access control principles: Need-to-Know and Need-to-Use, Least Privilege and Segregation of Duties.",Company,National Water Company,Not evaluated,,
Compliance Run Nov-2020,'2-2-3-4,Identity and Access Management, Privileged access management.,Company,National Water Company,Not evaluated,,
Compliance Run Nov-2020,'2-2-3-5,Identity and Access Management,Periodic review of usersâ identities and access rights.,Unit,Makkah Business Unit,No,Due to NWC OT Users and Computers were on IT Domain.,
Compliance Run Nov-2020,'2-2-3-5,Identity and Access Management,Periodic review of usersâ identities and access rights.,Unit,Riyadh Business Unit,No,Due to NWC OT Users and Computers were on IT Domain.,
Compliance Run Nov-2020,'2-2-3-5,Identity and Access Management,Periodic review of usersâ identities and access rights.,Unit,Head Quarter,No,Due to NWC OT Users and Computers were on IT Domain.,
Compliance Run Nov-2020,'2-2-3-5,Identity and Access Management,Periodic review of usersâ identities and access rights.,Unit,Jeddah Business Unit,No,Due to NWC OT Users and Computers were on IT Domain.,
Compliance Run Nov-2020,'2-2-4,Identity and Access Management,The Implementation of the cybersecurity requirements for identity and access management must be reviewed periodically.,Company,National Water Company,No,Due to NWC OT Users and Computers were on IT Domain.,
Compliance Run Nov-2020,'2-3-1,Information System and Information Processing Facilities Protection,"Cybersecurity requirements for protecting information systems and information processing facilities must be defined, documented and approved.",Company,National Water Company,No,"NWC OT Cybersecurity Physical Security Policy and Procedure aren't defined, documented and approved.",
Compliance Run Nov-2020,'2-3-2,Information System and Information Processing Facilities Protection,The cybersecurity requirements for protecting information systems and information processing facilities must be implemented.,Unit,Makkah Business Unit,Not evaluated,,
Compliance Run Nov-2020,'2-3-2,Information System and Information Processing Facilities Protection,The cybersecurity requirements for protecting information systems and information processing facilities must be implemented.,Unit,Riyadh Business Unit,Not evaluated,,
Compliance Run Nov-2020,'2-3-2,Information System and Information Processing Facilities Protection,The cybersecurity requirements for protecting information systems and information processing facilities must be implemented.,Unit,Head Quarter,Not evaluated,,
Compliance Run Nov-2020,'2-3-2,Information System and Information Processing Facilities Protection,The cybersecurity requirements for protecting information systems and information processing facilities must be implemented.,Unit,Jeddah Business Unit,Not evaluated,,
Compliance Run Nov-2020,'2-3-3,Information System and Information Processing Facilities Protection,The cybersecurity requirements for protecting information systems and information processing facilities must include at least the following:,Company,National Water Company,Not evaluated,,
Compliance Run Nov-2020,'2-3-3-1,Information System and Information Processing Facilities Protection,"Advanced, up-to-date and secure management of malware and virus protection on servers and workstations.",Unit,Makkah Business Unit,Yes,NWC OT/SCADA Servers/Workstations has McAfee installed but diconnected from McAfee Management Server.,
Compliance Run Nov-2020,'2-3-3-1,Information System and Information Processing Facilities Protection,"Advanced, up-to-date and secure management of malware and virus protection on servers and workstations.",Unit,Riyadh Business Unit,Yes,NWC OT/SCADA Servers/Workstations has McAfee installed but diconnected from McAfee Management Server.,
Compliance Run Nov-2020,'2-3-3-1,Information System and Information Processing Facilities Protection,"Advanced, up-to-date and secure management of malware and virus protection on servers and workstations.",Unit,Head Quarter,Not evaluated,,
Compliance Run Nov-2020,'2-3-3-1,Information System and Information Processing Facilities Protection,"Advanced, up-to-date and secure management of malware and virus protection on servers and workstations.",Unit,Jeddah Business Unit,Yes,NWC OT/SCADA Servers/Workstations has McAfee installed but diconnected from McAfee Management Server.,
Compliance Run Nov-2020,'2-3-3-2,Information System and Information Processing Facilities Protection,Restricted use and secure handling of external storage media.,Unit,Makkah Business Unit,Yes,McAfee DLP is used to block usage of removal media.,
Compliance Run Nov-2020,'2-3-3-2,Information System and Information Processing Facilities Protection,Restricted use and secure handling of external storage media.,Unit,Riyadh Business Unit,Yes,McAfee DLP is used to block usage of removal media.,
Compliance Run Nov-2020,'2-3-3-2,Information System and Information Processing Facilities Protection,Restricted use and secure handling of external storage media.,Unit,Head Quarter,Yes,McAfee DLP is used to block usage of removal media.,
Compliance Run Nov-2020,'2-3-3-2,Information System and Information Processing Facilities Protection,Restricted use and secure handling of external storage media.,Unit,Jeddah Business Unit,Yes,McAfee DLP is used to block usage of removal media.,
Compliance Run Nov-2020,'2-3-3-3,Information System and Information Processing Facilities Protection," Patch management for information systems, software and devices.",Unit,Makkah Business Unit,No,NWC OT/SCADA Servers/Workstations is integrated with NWC IT WSUS but disconneced from NWC IT WSUS.,
Compliance Run Nov-2020,'2-3-3-3,Information System and Information Processing Facilities Protection," Patch management for information systems, software and devices.",Unit,Riyadh Business Unit,No,NWC OT/SCADA Servers/Workstations is integrated with NWC IT WSUS but disconneced from NWC IT WSUS.,
Compliance Run Nov-2020,'2-3-3-3,Information System and Information Processing Facilities Protection," Patch management for information systems, software and devices.",Unit,Head Quarter,Not evaluated,,
Compliance Run Nov-2020,'2-3-3-3,Information System and Information Processing Facilities Protection," Patch management for information systems, software and devices.",Unit,Jeddah Business Unit,No,NWC OT/SCADA Servers/Workstations is integrated with NWC IT WSUS but disconneced from NWC IT WSUS.,
Compliance Run Nov-2020,'2-3-3-4,Information System and Information Processing Facilities Protection,"Centralized clock synchronization with an accurate and trusted source (e.g.,Saudi Standards, Metrology and Quality Organization (SASO)).",Unit,Makkah Business Unit,No,"NWC OT/SCADA Servers/Workstations are synchronized with NWC IT Domain Controller, which was configured to take time sync from public ntp clocks from intenret.",
Compliance Run Nov-2020,'2-3-3-4,Information System and Information Processing Facilities Protection,"Centralized clock synchronization with an accurate and trusted source (e.g.,Saudi Standards, Metrology and Quality Organization (SASO)).",Unit,Riyadh Business Unit,No,"NWC OT/SCADA Servers/Workstations are synchronized with NWC IT Domain Controller, which was configured to take time sync from public ntp clocks from intenret.",
Compliance Run Nov-2020,'2-3-3-4,Information System and Information Processing Facilities Protection,"Centralized clock synchronization with an accurate and trusted source (e.g.,Saudi Standards, Metrology and Quality Organization (SASO)).",Unit,Head Quarter,No,"NWC OT/SCADA Servers/Workstations are synchronized with NWC IT Domain Controller, which was configured to take time sync from public ntp clocks from intenret.",
Compliance Run Nov-2020,'2-3-3-4,Information System and Information Processing Facilities Protection,"Centralized clock synchronization with an accurate and trusted source (e.g.,Saudi Standards, Metrology and Quality Organization (SASO)).",Unit,Jeddah Business Unit,No,"NWC OT/SCADA Servers/Workstations are synchronized with NWC IT Domain Controller, which was configured to take time sync from public ntp clocks from intenret.",
Compliance Run Nov-2020,'2-3-4,Information System and Information Processing Facilities Protection,The cybersecurity requirements for protecting information systems and information processing facilities must be reviewed periodically.,Company,National Water Company,Not evaluated,,
Compliance Run Nov-2020,'2-5-1,Networks Security Management,"Cybersecurity requirements for network security management must be defined, documented and approved.",Company,National Water Company,No,"NWC OT Cybersecurity Network Security Policy and Procedure aren't defined, documented and approved.",
Compliance Run Nov-2020,'2-5-2,Networks Security Management,The cybersecurity requirements for network security management must be implemented.,Unit,Makkah Business Unit,No,NWC OT/SCADA Network is merged with NWC IT Network. ,
Compliance Run Nov-2020,'2-5-2,Networks Security Management,The cybersecurity requirements for network security management must be implemented.,Unit,Riyadh Business Unit,No,NWC OT/SCADA Network is merged with NWC IT Network. ,
Compliance Run Nov-2020,'2-5-2,Networks Security Management,The cybersecurity requirements for network security management must be implemented.,Unit,Head Quarter,Not evaluated,,
Compliance Run Nov-2020,'2-5-2,Networks Security Management,The cybersecurity requirements for network security management must be implemented.,Unit,Jeddah Business Unit,No,NWC OT/SCADA Network is merged with NWC IT Network. ,
Compliance Run Nov-2020,'2-5-3,Networks Security Management,The cybersecurity requirements for network security management must include at least the following:,Company,National Water Company,,,
Compliance Run Nov-2020,'2-5-3-1,Networks Security Management, Logical or physical segregation and segmentation of network segments using firewalls and defense-in-depth principles.,Unit,Makkah Business Unit,No,NWC OT/SCADA Network is merged with NWC IT Network. ,
Compliance Run Nov-2020,'2-5-3-1,Networks Security Management, Logical or physical segregation and segmentation of network segments using firewalls and defense-in-depth principles.,Unit,Riyadh Business Unit,No,NWC OT/SCADA Network is merged with NWC IT Network. ,
Compliance Run Nov-2020,'2-5-3-1,Networks Security Management, Logical or physical segregation and segmentation of network segments using firewalls and defense-in-depth principles.,Unit,Head Quarter,Not evaluated,,
Compliance Run Nov-2020,'2-5-3-1,Networks Security Management, Logical or physical segregation and segmentation of network segments using firewalls and defense-in-depth principles.,Unit,Jeddah Business Unit,No,NWC OT/SCADA Network is merged with NWC IT Network. ,
Compliance Run Nov-2020,'2-5-3-3,Networks Security Management,"Secure browsing and Internet connectivity including restrictions on the use of file storage/sharing and remote access websites, and protection against suspicious websites.",Unit,Makkah Business Unit,No,NWC OT/SCADA Servers/Workstation has restricted internet connectivity using NWC IT Proxy.,
Compliance Run Nov-2020,'2-5-3-3,Networks Security Management,"Secure browsing and Internet connectivity including restrictions on the use of file storage/sharing and remote access websites, and protection against suspicious websites.",Unit,Riyadh Business Unit,No,NWC OT/SCADA Servers/Workstation has restricted internet connectivity using NWC IT Proxy.,
Compliance Run Nov-2020,'2-5-3-3,Networks Security Management,"Secure browsing and Internet connectivity including restrictions on the use of file storage/sharing and remote access websites, and protection against suspicious websites.",Unit,Head Quarter,Not evaluated,,
Compliance Run Nov-2020,'2-5-3-3,Networks Security Management,"Secure browsing and Internet connectivity including restrictions on the use of file storage/sharing and remote access websites, and protection against suspicious websites.",Unit,Jeddah Business Unit,No,NWC OT/SCADA Servers/Workstation has restricted internet connectivity using NWC IT Proxy.,
Compliance Run Nov-2020,'2-5-3-5,Networks Security Management,"Management and restrictions on network services, protocols and ports.",Unit,Makkah Business Unit,No,NWC OT/SCADA Network is merged with NWC IT Network. ,
Compliance Run Nov-2020,'2-5-3-5,Networks Security Management,"Management and restrictions on network services, protocols and ports.",Unit,Riyadh Business Unit,No,NWC OT/SCADA Network is merged with NWC IT Network. ,
Compliance Run Nov-2020,'2-5-3-5,Networks Security Management,"Management and restrictions on network services, protocols and ports.",Unit,Head Quarter,Not evaluated,,
Compliance Run Nov-2020,'2-5-3-5,Networks Security Management,"Management and restrictions on network services, protocols and ports.",Unit,Jeddah Business Unit,No,NWC OT/SCADA Network is merged with NWC IT Network. ,
Compliance Run Nov-2020,'2-5-3-6,Networks Security Management,Intrusion Prevention Systems (IPS).,Unit,Makkah Business Unit,Not evaluated,,
Compliance Run Nov-2020,'2-5-3-6,Networks Security Management,Intrusion Prevention Systems (IPS).,Unit,Riyadh Business Unit,Not evaluated,,
Compliance Run Nov-2020,'2-5-3-6,Networks Security Management,Intrusion Prevention Systems (IPS).,Unit,Head Quarter,Not evaluated,,
Compliance Run Nov-2020,'2-5-3-6,Networks Security Management,Intrusion Prevention Systems (IPS).,Unit,Jeddah Business Unit,Not evaluated,,
Compliance Run Nov-2020,'2-5-3-7,Networks Security Management, Security of Domain Name Service (DNS).,Unit,Makkah Business Unit,Not evaluated,NWC OT/SCADA Servers/Workstations were joined to NWC IT Domain.,
Compliance Run Nov-2020,'2-5-3-7,Networks Security Management, Security of Domain Name Service (DNS).,Unit,Riyadh Business Unit,Not evaluated,NWC OT/SCADA Servers/Workstations were joined to NWC IT Domain.,
Compliance Run Nov-2020,'2-5-3-7,Networks Security Management, Security of Domain Name Service (DNS).,Unit,Head Quarter,Not evaluated,NWC OT/SCADA Servers/Workstations were joined to NWC IT Domain.,
Compliance Run Nov-2020,'2-5-3-7,Networks Security Management, Security of Domain Name Service (DNS).,Unit,Jeddah Business Unit,Not evaluated,NWC OT/SCADA Servers/Workstations were joined to NWC IT Domain.,
Compliance Run Nov-2020,'2-5-3-8,Networks Security Management," Secure management and protection of Internet browsing channel against Advanced Persistent Threats (APT), which normally utilize zero-day viruses and malware.",Unit,Makkah Business Unit,Not evaluated,,
Compliance Run Nov-2020,'2-5-3-8,Networks Security Management," Secure management and protection of Internet browsing channel against Advanced Persistent Threats (APT), which normally utilize zero-day viruses and malware.",Unit,Riyadh Business Unit,Not evaluated,,
Compliance Run Nov-2020,'2-5-3-8,Networks Security Management," Secure management and protection of Internet browsing channel against Advanced Persistent Threats (APT), which normally utilize zero-day viruses and malware.",Unit,Head Quarter,Not evaluated,,
Compliance Run Nov-2020,'2-5-3-8,Networks Security Management," Secure management and protection of Internet browsing channel against Advanced Persistent Threats (APT), which normally utilize zero-day viruses and malware.",Unit,Jeddah Business Unit,Not evaluated,,
Compliance Run Nov-2020,'2-5-4,Networks Security Management,The cybersecurity requirements for network security management must be reviewed periodically.,Company,National Water Company,Not evaluated,,
Compliance Run Nov-2020,'2-7-1,Data and Information Protection,"Cybersecurity requirements for protecting and handling data and information must be defined, documented and approved as per the related laws and regulations.",Company,National Water Company,Not evaluated,,
Compliance Run Nov-2020,'2-7-2,Data and Information Protection,The cybersecurity requirements for protecting and handling data and information must be implemented.,Company,National Water Company,Not evaluated,,
Compliance Run Nov-2020,'2-7-3,Data and Information Protection,The cybersecurity requirements for protecting and handling data and information must include at least the following:,Company,National Water Company,,,
Compliance Run Nov-2020,'2-7-3-1,Data and Information Protection,Data and information ownership.,Company,National Water Company,No,"NWC OT Asset Management Policy and Procedure aren't defined, documented and approved.",
Compliance Run Nov-2020,'2-7-3-2,Data and Information Protection,Data and information classification and labeling mechanisms.,Company,National Water Company,No,"NWC OT Asset Management Policy and Procedure aren't defined, documented and approved.",
Compliance Run Nov-2020,'2-7-3-3,Data and Information Protection,Data and information privacy.,Company,National Water Company,No,"NWC OT Asset Management Policy and Procedure aren't defined, documented and approved.",
Compliance Run Nov-2020,'2-7-4,Data and Information Protection,The cybersecurity requirements for protecting and handling data and information must be reviewed periodically.,Company,National Water Company,Not evaluated,,
Compliance Run Nov-2020,'2-8-3-3,Cryptography,Encryption of data in-transit and at-rest as per classification and related laws and regulations.,Company,National Water Company,Not evaluated,NWC OT/SCADA Servers/Workstations were joined to NWC IT Domain. PKI is not evaluated.,
Compliance Run Nov-2020,'2-8-3-2,Cryptography,Secure management of cryptographic keys during their lifecycles.,Company,National Water Company,Not evaluated,NWC OT/SCADA Servers/Workstations were joined to NWC IT Domain. PKI is not evaluated.,
Compliance Run Nov-2020,'2-8-2,Cryptography,The cybersecurity requirements for cryptography must be implemented.,Company,National Water Company,Not evaluated,NWC OT/SCADA Servers/Workstations were joined to NWC IT Domain. PKI is not evaluated.,
Compliance Run Nov-2020,'2-8-1,Cryptography,"Cybersecurity requirements for cryptography must be defined, documented and approved.",Company,National Water Company,Not evaluated,,
Compliance Run Nov-2020,'2-8-3,Cryptography,The cybersecurity requirements for cryptography must include at least the following:,Company,National Water Company,Not evaluated,NWC OT/SCADA Servers/Workstations were joined to NWC IT Domain. PKI is not evaluated.,
Compliance Run Nov-2020,'2-8-3-1,Cryptography,Approved cryptographic solutions standards and its technical and regulatory limitations. ,Company,National Water Company,Not evaluated,,
Compliance Run Nov-2020,'2-8-4,Cryptography,The cybersecurity requirements for cryptography must be reviewed periodically.,Company,National Water Company,Not evaluated,,
Compliance Run Nov-2020,'2-9-1,Backup and Recovery Management,"Cybersecurity requirements for backup and recovery management must be defined, documented and approved.",Company,National Water Company,Not evaluated,NWC IT Backup Solution is used for NWC OT/SCADA Assets. No further information is available.,
Compliance Run Nov-2020,'2-9-2,Backup and Recovery Management,The cybersecurity requirements for backup and recovery management must be implemented.,Unit,Makkah Business Unit,No,"NWC OT/SCADA Servers/Workstation were joined to NWC IT Domain and IT Backup Solution is used.
NWC OT Cybersecurity Backup and Recovery Policy and Plan aren't defined, documented and approved.",
Compliance Run Nov-2020,'2-9-2,Backup and Recovery Management,The cybersecurity requirements for backup and recovery management must be implemented.,Unit,Riyadh Business Unit,No,"NWC OT/SCADA Servers/Workstation were joined to NWC IT Domain and IT Backup Solution is used.
NWC OT Cybersecurity Backup and Recovery Policy and Plan aren't defined, documented and approved.",
Compliance Run Nov-2020,'2-9-2,Backup and Recovery Management,The cybersecurity requirements for backup and recovery management must be implemented.,Unit,Head Quarter,Not evaluated,,
Compliance Run Nov-2020,'2-9-2,Backup and Recovery Management,The cybersecurity requirements for backup and recovery management must be implemented.,Unit,Jeddah Business Unit,No,"NWC OT/SCADA Servers/Workstation were joined to NWC IT Domain and IT Backup Solution is used.
NWC OT Cybersecurity Backup and Recovery Policy and Plan aren't defined, documented and approved.",
Compliance Run Nov-2020,'2-9-3,Backup and Recovery Management,The cybersecurity requirements for backup and recovery management must include at least the following:,Company,National Water Company,,,
Compliance Run Nov-2020,'2-9-3-1,Backup and Recovery Management,Scope and coverage of backups to cover critical technology and information assets. ,Unit,Makkah Business Unit,Not evaluated,"NWC OT Cybersecurity Backup Strategy is not defined, documented and approved. No further relevant information is available.",
Compliance Run Nov-2020,'2-9-3-1,Backup and Recovery Management,Scope and coverage of backups to cover critical technology and information assets. ,Unit,Riyadh Business Unit,Not evaluated,"NWC OT Cybersecurity Backup Strategy is not defined, documented and approved. No further relevant information is available.",
Compliance Run Nov-2020,'2-9-3-1,Backup and Recovery Management,Scope and coverage of backups to cover critical technology and information assets. ,Unit,Head Quarter,Not evaluated,"NWC OT Cybersecurity Backup Strategy is not defined, documented and approved. No further relevant information is available.",
Compliance Run Nov-2020,'2-9-3-1,Backup and Recovery Management,Scope and coverage of backups to cover critical technology and information assets. ,Unit,Jeddah Business Unit,Not evaluated,"NWC OT Cybersecurity Backup Strategy is not defined, documented and approved. No further relevant information is available.",
Compliance Run Nov-2020,'2-9-3-2,Backup and Recovery Management,Ability to perform quick recovery of data and systems after cybersecurity incidents.,Unit,Makkah Business Unit,Not evaluated,"NWC OT Cybersecurity Backup Strategy is not defined, documented and approved. No further relevant information is available.",
Compliance Run Nov-2020,'2-9-3-2,Backup and Recovery Management,Ability to perform quick recovery of data and systems after cybersecurity incidents.,Unit,Riyadh Business Unit,Not evaluated,"NWC OT Cybersecurity Backup Strategy is not defined, documented and approved. No further relevant information is available.",
Compliance Run Nov-2020,'2-9-3-2,Backup and Recovery Management,Ability to perform quick recovery of data and systems after cybersecurity incidents.,Unit,Head Quarter,Not evaluated,"NWC OT Cybersecurity Backup Strategy is not defined, documented and approved. No further relevant information is available.",
Compliance Run Nov-2020,'2-9-3-2,Backup and Recovery Management,Ability to perform quick recovery of data and systems after cybersecurity incidents.,Unit,Jeddah Business Unit,Not evaluated,"NWC OT Cybersecurity Backup Strategy is not defined, documented and approved. No further relevant information is available.",
Compliance Run Nov-2020,'2-9-3-3,Backup and Recovery Management, Periodic tests of backupâs recovery effectiveness.,Unit,Makkah Business Unit,Not evaluated,"NWC OT Cybersecurity Backup Strategy is not defined, documented and approved. No further relevant information is available.",
Compliance Run Nov-2020,'2-9-3-3,Backup and Recovery Management, Periodic tests of backupâs recovery effectiveness.,Unit,Riyadh Business Unit,Not evaluated,"NWC OT Cybersecurity Backup Strategy is not defined, documented and approved. No further relevant information is available.",
Compliance Run Nov-2020,'2-9-3-3,Backup and Recovery Management, Periodic tests of backupâs recovery effectiveness.,Unit,Head Quarter,Not evaluated,"NWC OT Cybersecurity Backup Strategy is not defined, documented and approved. No further relevant information is available.",
Compliance Run Nov-2020,'2-9-3-3,Backup and Recovery Management, Periodic tests of backupâs recovery effectiveness.,Unit,Jeddah Business Unit,Not evaluated,"NWC OT Cybersecurity Backup Strategy is not defined, documented and approved. No further relevant information is available.",
Compliance Run Nov-2020,'2-9-4,Backup and Recovery Management,The cybersecurity requirements for backup and recovery management must be reviewed periodically.,Company,National Water Company,Not evaluated,,
Compliance Run Nov-2020,'3,Cybersecurity Resilience,,Company,National Water Company,,,
Compliance Run Nov-2020,'3-1-1,Cybersecurity Resilience Aspects of Business Continuity Management (BCM),"Cybersecurity requirements for business continuity management must be defined, documented and approved.",Company,National Water Company,Not evaluated,NWC IT BCM is used for NWC OT Environment. No further information is available.,
Compliance Run Nov-2020,'3-1-2,Cybersecurity Resilience Aspects of Business Continuity Management (BCM),The cybersecurity requirements for business continuity management must be implemented.,Company,National Water Company,Not evaluated,"NWC OT Cybersecurity BCM Policy and Procedure aren't defined, document and approved. No further relevant information available.",
Compliance Run Nov-2020,'3-1-3,Cybersecurity Resilience Aspects of Business Continuity Management (BCM),The cybersecurity requirements for business continuity management must include at least the following:,Company,National Water Company,Not evaluated,"NWC OT Cybersecurity BCM Policy and Procedure aren't defined, document and approved. No further relevant information available.",
Compliance Run Nov-2020,'3-1-3-1,Cybersecurity Resilience Aspects of Business Continuity Management (BCM),Ensuring the continuity of cybersecurity systems and procedures.,Company,National Water Company,Not evaluated,"NWC OT Cybersecurity BCM Policy and Procedure aren't defined, document and approved. No further relevant information available.",
Compliance Run Nov-2020,'3-1-3-2,Cybersecurity Resilience Aspects of Business Continuity Management (BCM),Developing response plans for cybersecurity incidents that may affect the business continuity.,Company,National Water Company,Not evaluated,"NWC OT Cybersecurity BCM Policy and Procedure aren't defined, document and approved. No further relevant information available.",
Compliance Run Nov-2020,'3-1-3-3,Cybersecurity Resilience Aspects of Business Continuity Management (BCM),Developing disaster recovery plans.,Company,National Water Company,Not evaluated,"NWC OT Cybersecurity BCM Policy and Procedure aren't defined, document and approved. No further relevant information available.",
Compliance Run Nov-2020,'3-1-4,Cybersecurity Resilience Aspects of Business Continuity Management (BCM),The cybersecurity requirements for business continuity management must be reviewed periodically.,Company,National Water Company,Not evaluated,,
Compliance Run Nov-2020,'4,Third-Party and Cloud Computing Cybersecurity,,Company,National Water Company,,,
Compliance Run Nov-2020,'4-1-1,Third-Party Cybersecurity,"Cybersecurity requirements for contracts and agreements with third-parties must be identified, documented and approved.",Company,National Water Company,Not evaluated,,
Compliance Run Nov-2020,'4-1-2,Third-Party Cybersecurity,"The cybersecurity requirements for contracts and agreements with third-parties (e.g., Service Level Agreement (SLA)) -which may affect, if impacted, the organizationâs data or services- must include at least the following:",Company,National Water Company,Not evaluated,"NWC OT Cybersecurity Third Party Policy and Procedures aren't defined, documented and approved. No furthermore relevant information available.",
Compliance Run Nov-2020,'4-1-2-1,Third-Party Cybersecurity,Non-disclosure clauses and secure removal of organizationâs data by third parties upon end of service.,Company,National Water Company,Not evaluated,"NWC OT Cybersecurity Third Party Policy and Procedures aren't defined, documented and approved. No furthermore relevant information available.",
Compliance Run Nov-2020,'4-1-2-2,Third-Party Cybersecurity,Communication procedures in case of cybersecurity incidents.,Company,National Water Company,Not evaluated,"NWC OT Cybersecurity Third Party Policy and Procedures aren't defined, documented and approved. No furthermore relevant information available.",
Compliance Run Nov-2020,'4-1-2-3,Third-Party Cybersecurity,"Requirements for third-parties to comply with related organizational policies and procedures, laws and regulations.",Company,National Water Company,Not evaluated,"NWC OT Cybersecurity Third Party Policy and Procedures aren't defined, documented and approved. No furthermore relevant information available.",
Compliance Run Nov-2020,'4-1-3,Third-Party Cybersecurity,The cybersecurity requirements for contracts and agreements with IT outsourcing and managed services third-parties must include at least the following:,Company,National Water Company,Not evaluated,"NWC OT Cybersecurity Third Party Policy and Procedures aren't defined, documented and approved. No furthermore relevant information available.",
Compliance Run Nov-2020,'4-1-3-1 ,Third-Party Cybersecurity,Conducting a cybersecurity risk assessment to ensure the availability of risk mitigation controls before signing contracts and agreements or upon changes in related regulatory requirements.,Company,National Water Company,Not evaluated,"NWC OT Cybersecurity Third Party Policy and Procedures aren't defined, documented and approved. No furthermore relevant information available.",
Compliance Run Nov-2020,'4-1-3-2,Third-Party Cybersecurity,Cybersecurity managed services centers for monitoring and operations must be completely present inside the Kingdom of Saudi Arabia.,Company,National Water Company,Not evaluated,"NWC OT Cybersecurity Third Party Policy and Procedures aren't defined, documented and approved. No furthermore relevant information available.",
Compliance Run Nov-2020,'4-1-4,Third-Party Cybersecurity,The cybersecurity requirements for contracts and agreements with third-parties must be reviewed periodically.,Company,National Water Company,Not evaluated,,
Compliance Run Nov-2020,'5,Industrial Control Systems Cybersecurity,,Company,National Water Company,,,
Compliance Run Nov-2020,'5-1-1,Industrial Control Systems (ICS) Protection,"Cybersecurity requirements related to Industrial Controls Systems and Operational Technology (ICS/OT) must be defined, documented and approved.",Company,National Water Company,No,"NWC OT Cybersecurity Policies and Procedures for ICS aren't defined, documented and approved.",
Compliance Run Nov-2020,'5-1-2,Industrial Control Systems (ICS) Protection,The cybersecurity requirements related to Industrial Controls Systems and Operational Technology (ICS/OT) must be implemented.,Unit,Makkah Business Unit,No,"NWC OT Cybersecurity Policies and Procedures aren't defined, documented and approved.",
Compliance Run Nov-2020,'5-1-2,Industrial Control Systems (ICS) Protection,The cybersecurity requirements related to Industrial Controls Systems and Operational Technology (ICS/OT) must be implemented.,Unit,Riyadh Business Unit,No,"NWC OT Cybersecurity Policies and Procedures aren't defined, documented and approved.",
Compliance Run Nov-2020,'5-1-2,Industrial Control Systems (ICS) Protection,The cybersecurity requirements related to Industrial Controls Systems and Operational Technology (ICS/OT) must be implemented.,Unit,Head Quarter,No,"NWC OT Cybersecurity Policies and Procedures aren't defined, documented and approved.",
Compliance Run Nov-2020,'5-1-2,Industrial Control Systems (ICS) Protection,The cybersecurity requirements related to Industrial Controls Systems and Operational Technology (ICS/OT) must be implemented.,Unit,Jeddah Business Unit,No,"NWC OT Cybersecurity Policies and Procedures aren't defined, documented and approved.",
Compliance Run Nov-2020,'5-1-3,Industrial Control Systems (ICS) Protection,"In addition to the applicable ECC controls from the main domains (1), (2), (3) and (4), the cybersecurity requirements related to Industrial Controls Systems and Operational Technology (ICS/OT) must include at least the following:",Company,National Water Company,,,
Compliance Run Nov-2020,'5-1-3-1 ,Industrial Control Systems (ICS) Protection,"Strict physical and virtual segmentation when connecting industrial production networks to other networks within the organization (e.g., corporate network).",Unit,Makkah Business Unit,No,NWC OT/SCADA Network is merged with NWC IT Network. ,
Compliance Run Nov-2020,'5-1-3-1 ,Industrial Control Systems (ICS) Protection,"Strict physical and virtual segmentation when connecting industrial production networks to other networks within the organization (e.g., corporate network).",Unit,Riyadh Business Unit,No,NWC OT/SCADA Network is merged with NWC IT Network. ,
Compliance Run Nov-2020,'5-1-3-1 ,Industrial Control Systems (ICS) Protection,"Strict physical and virtual segmentation when connecting industrial production networks to other networks within the organization (e.g., corporate network).",Unit,Head Quarter,No,NWC OT/SCADA Network is merged with NWC IT Network. ,
Compliance Run Nov-2020,'5-1-3-1 ,Industrial Control Systems (ICS) Protection,"Strict physical and virtual segmentation when connecting industrial production networks to other networks within the organization (e.g., corporate network).",Unit,Jeddah Business Unit,No,NWC OT/SCADA Network is merged with NWC IT Network. ,
Compliance Run Nov-2020,'5-1-3-10,Industrial Control Systems (ICS) Protection,Cybersecurity applications management related to the protection of the industrial systems from viruses and malware.,Unit,Makkah Business Unit,No,NWC OT/SCADA Servers/Workstations has McAfee installed but diconnected from McAfee Management Server.,
Compliance Run Nov-2020,'5-1-3-10,Industrial Control Systems (ICS) Protection,Cybersecurity applications management related to the protection of the industrial systems from viruses and malware.,Unit,Riyadh Business Unit,No,NWC OT/SCADA Servers/Workstations has McAfee installed but diconnected from McAfee Management Server.,
Compliance Run Nov-2020,'5-1-3-10,Industrial Control Systems (ICS) Protection,Cybersecurity applications management related to the protection of the industrial systems from viruses and malware.,Unit,Head Quarter,Not evaluated,,
Compliance Run Nov-2020,'5-1-3-10,Industrial Control Systems (ICS) Protection,Cybersecurity applications management related to the protection of the industrial systems from viruses and malware.,Unit,Jeddah Business Unit,No,NWC OT/SCADA Servers/Workstations has McAfee installed but diconnected from McAfee Management Server.,
Compliance Run Nov-2020,'5-1-3-2,Industrial Control Systems (ICS) Protection,"Strict physical and virtual segmentation when connecting systems and industrial networks with external networks (e.g., Internet, wireless, remote access).",Unit,Makkah Business Unit,No,NWC OT/SCADA Network is merged with NWC IT Network. ,
Compliance Run Nov-2020,'5-1-3-2,Industrial Control Systems (ICS) Protection,"Strict physical and virtual segmentation when connecting systems and industrial networks with external networks (e.g., Internet, wireless, remote access).",Unit,Riyadh Business Unit,No,NWC OT/SCADA Network is merged with NWC IT Network. ,
Compliance Run Nov-2020,'5-1-3-2,Industrial Control Systems (ICS) Protection,"Strict physical and virtual segmentation when connecting systems and industrial networks with external networks (e.g., Internet, wireless, remote access).",Unit,Head Quarter,No,NWC OT/SCADA Network is merged with NWC IT Network. ,
Compliance Run Nov-2020,'5-1-3-2,Industrial Control Systems (ICS) Protection,"Strict physical and virtual segmentation when connecting systems and industrial networks with external networks (e.g., Internet, wireless, remote access).",Unit,Jeddah Business Unit,No,NWC OT/SCADA Network is merged with NWC IT Network. ,
Compliance Run Nov-2020,'5-1-3-3,Industrial Control Systems (ICS) Protection,Continuous monitoring and activation of cybersecurity event logs on the industrial networks and its connections.,Unit,Makkah Business Unit,Not evaluated,,
Compliance Run Nov-2020,'5-1-3-3,Industrial Control Systems (ICS) Protection,Continuous monitoring and activation of cybersecurity event logs on the industrial networks and its connections.,Unit,Riyadh Business Unit,Not evaluated,,
Compliance Run Nov-2020,'5-1-3-3,Industrial Control Systems (ICS) Protection,Continuous monitoring and activation of cybersecurity event logs on the industrial networks and its connections.,Unit,Head Quarter,Not evaluated,,
Compliance Run Nov-2020,'5-1-3-3,Industrial Control Systems (ICS) Protection,Continuous monitoring and activation of cybersecurity event logs on the industrial networks and its connections.,Unit,Jeddah Business Unit,Not evaluated,,
Compliance Run Nov-2020,'5-1-3-4,Industrial Control Systems (ICS) Protection,Isolation of Safety Instrumental Systems (SIS).,Unit,Makkah Business Unit,Not evaluated,BU doesn't have any SIS Application,
Compliance Run Nov-2020,'5-1-3-4,Industrial Control Systems (ICS) Protection,Isolation of Safety Instrumental Systems (SIS).,Unit,Riyadh Business Unit,Not evaluated,BU doesn't have any SIS Application,
Compliance Run Nov-2020,'5-1-3-4,Industrial Control Systems (ICS) Protection,Isolation of Safety Instrumental Systems (SIS).,Unit,Head Quarter,Not evaluated,BU doesn't have any SIS Application,
Compliance Run Nov-2020,'5-1-3-4,Industrial Control Systems (ICS) Protection,Isolation of Safety Instrumental Systems (SIS).,Unit,Jeddah Business Unit,Not evaluated,BU doesn't have any SIS Application,
Compliance Run Nov-2020,'5-1-3-5,Industrial Control Systems (ICS) Protection,Strict limitation on the use of external storage media.,Unit,Makkah Business Unit,Partial,NWC IT implemeted McAfee DLP. Few of Servers/Workstation McAfee DLP wasn't installed due to disconected from NWC IT McAfee Management Server.,
Compliance Run Nov-2020,'5-1-3-5,Industrial Control Systems (ICS) Protection,Strict limitation on the use of external storage media.,Unit,Riyadh Business Unit,Partial,NWC IT implemeted McAfee DLP. Few of Servers/Workstation McAfee DLP wasn't installed due to disconected from NWC IT McAfee Management Server.,
Compliance Run Nov-2020,'5-1-3-5,Industrial Control Systems (ICS) Protection,Strict limitation on the use of external storage media.,Unit,Head Quarter,Not evaluated,,
Compliance Run Nov-2020,'5-1-3-5,Industrial Control Systems (ICS) Protection,Strict limitation on the use of external storage media.,Unit,Jeddah Business Unit,Partial,NWC IT implemeted McAfee DLP. Few of Servers/Workstation McAfee DLP wasn't installed due to disconected from NWC IT McAfee Management Server.,
Compliance Run Nov-2020,'5-1-3-6,Industrial Control Systems (ICS) Protection,Strict limitation on connecting mobile devices to industrial production networks.,Unit,Makkah Business Unit,Not evaluated,No information avialable to verify,
Compliance Run Nov-2020,'5-1-3-6,Industrial Control Systems (ICS) Protection,Strict limitation on connecting mobile devices to industrial production networks.,Unit,Riyadh Business Unit,Not evaluated,No information avialable to verify,
Compliance Run Nov-2020,'5-1-3-6,Industrial Control Systems (ICS) Protection,Strict limitation on connecting mobile devices to industrial production networks.,Unit,Head Quarter,Not evaluated,No information avialable to verify,
Compliance Run Nov-2020,'5-1-3-6,Industrial Control Systems (ICS) Protection,Strict limitation on connecting mobile devices to industrial production networks.,Unit,Jeddah Business Unit,Not evaluated,No information avialable to verify,
Compliance Run Nov-2020,'5-1-3-7,Industrial Control Systems (ICS) Protection,"Periodic review and secure configuration and hardening of industrial, automated, support systems, and devices",Company,National Water Company,Not evaluated,,
Compliance Run Nov-2020,'5-1-3-8,Industrial Control Systems (ICS) Protection,Vulnerability management for industrial control systems and operational technology (ICS/OT).,Unit,Makkah Business Unit,No,No VMS available,
Compliance Run Nov-2020,'5-1-3-8,Industrial Control Systems (ICS) Protection,Vulnerability management for industrial control systems and operational technology (ICS/OT).,Unit,Riyadh Business Unit,No,No VMS available,
Compliance Run Nov-2020,'5-1-3-8,Industrial Control Systems (ICS) Protection,Vulnerability management for industrial control systems and operational technology (ICS/OT).,Unit,Head Quarter,No,No VMS available,
Compliance Run Nov-2020,'5-1-3-8,Industrial Control Systems (ICS) Protection,Vulnerability management for industrial control systems and operational technology (ICS/OT).,Unit,Jeddah Business Unit,No,No VMS available,
Compliance Run Nov-2020,'5-1-3-9,Industrial Control Systems (ICS) Protection,Patch management for industrial control systems and operational technology (ICS/OT).,Unit,Makkah Business Unit,No,"NWC OT Cybersecurity Patch Management Policy and Procedure aren't defined, documented and approved.
Only Windows based Machines are patched using IT WSUS. Other non-windows assets aren't patched to latest available patches.",
Compliance Run Nov-2020,'5-1-3-9,Industrial Control Systems (ICS) Protection,Patch management for industrial control systems and operational technology (ICS/OT).,Unit,Riyadh Business Unit,No,"NWC OT Cybersecurity Patch Management Policy and Procedure aren't defined, documented and approved.
Only Windows based Machines are patched using IT WSUS. Other non-windows assets aren't patched to latest available patches.",
Compliance Run Nov-2020,'5-1-3-9,Industrial Control Systems (ICS) Protection,Patch management for industrial control systems and operational technology (ICS/OT).,Unit,Head Quarter,Not evaluated,,
Compliance Run Nov-2020,'5-1-3-9,Industrial Control Systems (ICS) Protection,Patch management for industrial control systems and operational technology (ICS/OT).,Unit,Jeddah Business Unit,No,"NWC OT Cybersecurity Patch Management Policy and Procedure aren't defined, documented and approved.
Only Windows based Machines are patched using IT WSUS. Other non-windows assets aren't patched to latest available patches.",
Compliance Run Nov-2020,'5-1-4,Industrial Control Systems (ICS) Protection,The cybersecurity requirements related to Industrial Controls Systems and Operational Technology (ICS/OT) must be reviewed periodically.,Company,National Water Company,Not evaluated,,
