SourceZone,SourceLocation,SourceAssets,DestinationZone,DestinationLocation,DestinationAssets,Application/Port,Port,Justification,Temp/Permanent,Approval Expiry,Approved by,Approval Status,Approval date
Z_VPN_Awali;Z_VPN_ET10,MCBU\AWALI,AD_MA_AWA_MAOTAWADM02,Z_OTDMZ,Head Quarter - Riyadh,AD_HQ_OTADM11,mssql-db-encrypted;net.tcp;soap;web-browsing,any,,Permanent,,Naveed Razaq,Approved,
Z_VPN_Awali;Z_VPN_ET10,MCBU\AWALI,AD_MA_AWA_MAOTAWADM01,Z_OTDomain,Head Quarter - Riyadh,AD_HQ_OTADM01,active-directory-base;dns;ldap;ms-dc-replication;ms-ds-smbv3;msrpc-base,any,,Permanent,,Naveed Razaq,Approved,
Z_VPN_Awali;Z_VPN_ET10,RCBU\Exit-10,RD-Et10-SCADA-WS-1,Z_OTDomain,Head Quarter - Riyadh,AD_HQ_OTADM01,active-directory-base;dns;ldap;ms-dc-replication;ms-ds-smbv3;msrpc-base,any,,Permanent,,Naveed Razaq,Approved,
Z_VPN_Awali;Z_VPN_ET10,RCBU\Exit-10,RD-Et10-SCADA-WS-2,Z_OTDomain,Head Quarter - Riyadh,AD_HQ_OTADM01,active-directory-base;dns;ldap;ms-dc-replication;ms-ds-smbv3;msrpc-base,any,,Permanent,,Naveed Razaq,Approved,
Z_OTDMZ,Head Quarter - Riyadh,AD_HQ_OTADM12,Z_OTDomain;Z_SCADA;Z_VPN_Awali;Z_VPN_ET10;Z_VPN_MAPA;Z_VPN_MINA;Z_VPN_PS5;Z_VPN_PS9;Z_VPN_Exit-17;Z_VPN_MNF-WTP;Z_VPN_MLZ-WTP;Z_VPN_SHM-WTP;Z_VPN_HYR-WTP;Z_VPN_WAS-WTP;Z_VPN_SLB-WTP;Z_VPN_BWB-WTP;Z_VPN_MNF-STP;Z_VPN_HET-STP;Z_VPN_HYR-STP;Z_VPN_TGW;Z_VPN_TGNW;Z_VPN_TGE;Z_VPN_TGC,MCBU\AWALI,AD_MA_AWA_MAOTAWADM01,backup-exec;cotp;ms-ds-smb-base;ms-ds-smbv2;ms-ds-smbv3;ms-wmi;msrpc-base;ndmp;net.tcp;ssl;web-browsing,application-default,,Permanent,,Naveed Razaq,Approved,
Z_OTDMZ,Head Quarter - Riyadh,AD_HQ_OTADM12,Z_OTDomain;Z_SCADA;Z_VPN_Awali;Z_VPN_ET10;Z_VPN_MAPA;Z_VPN_MINA;Z_VPN_PS5;Z_VPN_PS9;Z_VPN_Exit-17;Z_VPN_MNF-WTP;Z_VPN_MLZ-WTP;Z_VPN_SHM-WTP;Z_VPN_HYR-WTP;Z_VPN_WAS-WTP;Z_VPN_SLB-WTP;Z_VPN_BWB-WTP;Z_VPN_MNF-STP;Z_VPN_HET-STP;Z_VPN_HYR-STP;Z_VPN_TGW;Z_VPN_TGNW;Z_VPN_TGE;Z_VPN_TGC,MCBU\AWALI,AD_MA_AWA_MAOTAWADM02,backup-exec;cotp;ms-ds-smb-base;ms-ds-smbv2;ms-ds-smbv3;ms-wmi;msrpc-base;ndmp;net.tcp;ssl;web-browsing,application-default,,Permanent,,Naveed Razaq,Approved,
Z_OTDMZ,Head Quarter - Riyadh,AD_HQ_OTADM12,Z_OTDomain;Z_SCADA;Z_VPN_Awali;Z_VPN_ET10;Z_VPN_MAPA;Z_VPN_MINA;Z_VPN_PS5;Z_VPN_PS9;Z_VPN_Exit-17;Z_VPN_MNF-WTP;Z_VPN_MLZ-WTP;Z_VPN_SHM-WTP;Z_VPN_HYR-WTP;Z_VPN_WAS-WTP;Z_VPN_SLB-WTP;Z_VPN_BWB-WTP;Z_VPN_MNF-STP;Z_VPN_HET-STP;Z_VPN_HYR-STP;Z_VPN_TGW;Z_VPN_TGNW;Z_VPN_TGE;Z_VPN_TGC,MCBU\AWALI,AD_MA_AWA_MAOTAWAPHY01,backup-exec;cotp;ms-ds-smb-base;ms-ds-smbv2;ms-ds-smbv3;ms-wmi;msrpc-base;ndmp;net.tcp;ssl;web-browsing,application-default,,Permanent,,Naveed Razaq,Approved,
Z_OTDMZ,Head Quarter - Riyadh,AD_HQ_OTADM12,Z_OTDomain;Z_SCADA;Z_VPN_Awali;Z_VPN_ET10;Z_VPN_MAPA;Z_VPN_MINA;Z_VPN_PS5;Z_VPN_PS9;Z_VPN_Exit-17;Z_VPN_MNF-WTP;Z_VPN_MLZ-WTP;Z_VPN_SHM-WTP;Z_VPN_HYR-WTP;Z_VPN_WAS-WTP;Z_VPN_SLB-WTP;Z_VPN_BWB-WTP;Z_VPN_MNF-STP;Z_VPN_HET-STP;Z_VPN_HYR-STP;Z_VPN_TGW;Z_VPN_TGNW;Z_VPN_TGE;Z_VPN_TGC,MCBU\AWALI,AD_MA_AWA_MPROSCDDASAWAP1,backup-exec;cotp;ms-ds-smb-base;ms-ds-smbv2;ms-ds-smbv3;ms-wmi;msrpc-base;ndmp;net.tcp;ssl;web-browsing,application-default,,Permanent,,Naveed Razaq,Approved,
Z_OTDMZ,Head Quarter - Riyadh,AD_HQ_OTADM12,Z_OTDomain;Z_SCADA;Z_VPN_Awali;Z_VPN_ET10;Z_VPN_MAPA;Z_VPN_MINA;Z_VPN_PS5;Z_VPN_PS9;Z_VPN_Exit-17;Z_VPN_MNF-WTP;Z_VPN_MLZ-WTP;Z_VPN_SHM-WTP;Z_VPN_HYR-WTP;Z_VPN_WAS-WTP;Z_VPN_SLB-WTP;Z_VPN_BWB-WTP;Z_VPN_MNF-STP;Z_VPN_HET-STP;Z_VPN_HYR-STP;Z_VPN_TGW;Z_VPN_TGNW;Z_VPN_TGE;Z_VPN_TGC,MCBU\AWALI,AD_MA_AWA_MPROSCDGRPAWA01,backup-exec;cotp;ms-ds-smb-base;ms-ds-smbv2;ms-ds-smbv3;ms-wmi;msrpc-base;ndmp;net.tcp;ssl;web-browsing,application-default,,Permanent,,Naveed Razaq,Approved,
Z_OTDMZ,Head Quarter - Riyadh,AD_HQ_OTADM12,Z_OTDomain;Z_SCADA;Z_VPN_Awali;Z_VPN_ET10;Z_VPN_MAPA;Z_VPN_MINA;Z_VPN_PS5;Z_VPN_PS9;Z_VPN_Exit-17;Z_VPN_MNF-WTP;Z_VPN_MLZ-WTP;Z_VPN_SHM-WTP;Z_VPN_HYR-WTP;Z_VPN_WAS-WTP;Z_VPN_SLB-WTP;Z_VPN_BWB-WTP;Z_VPN_MNF-STP;Z_VPN_HET-STP;Z_VPN_HYR-STP;Z_VPN_TGW;Z_VPN_TGNW;Z_VPN_TGE;Z_VPN_TGC,MCBU\AWALI,AD_MA_AWA_MPROSCDHIS001,backup-exec;cotp;ms-ds-smb-base;ms-ds-smbv2;ms-ds-smbv3;ms-wmi;msrpc-base;ndmp;net.tcp;ssl;web-browsing,application-default,,Permanent,,Naveed Razaq,Approved,
Z_OTDMZ,Head Quarter - Riyadh,AD_HQ_OTADM12,Z_OTDomain;Z_SCADA;Z_VPN_Awali;Z_VPN_ET10;Z_VPN_MAPA;Z_VPN_MINA;Z_VPN_PS5;Z_VPN_PS9;Z_VPN_Exit-17;Z_VPN_MNF-WTP;Z_VPN_MLZ-WTP;Z_VPN_SHM-WTP;Z_VPN_HYR-WTP;Z_VPN_WAS-WTP;Z_VPN_SLB-WTP;Z_VPN_BWB-WTP;Z_VPN_MNF-STP;Z_VPN_HET-STP;Z_VPN_HYR-STP;Z_VPN_TGW;Z_VPN_TGNW;Z_VPN_TGE;Z_VPN_TGC,MCBU\AWALI,AD_MA_AWA_MPROSCDHISTAWA1,backup-exec;cotp;ms-ds-smb-base;ms-ds-smbv2;ms-ds-smbv3;ms-wmi;msrpc-base;ndmp;net.tcp;ssl;web-browsing,application-default,,Permanent,,Naveed Razaq,Approved,
Z_OTDMZ,Head Quarter - Riyadh,AD_HQ_OTADM12,Z_OTDomain;Z_SCADA;Z_VPN_Awali;Z_VPN_ET10;Z_VPN_MAPA;Z_VPN_MINA;Z_VPN_PS5;Z_VPN_PS9;Z_VPN_Exit-17;Z_VPN_MNF-WTP;Z_VPN_MLZ-WTP;Z_VPN_SHM-WTP;Z_VPN_HYR-WTP;Z_VPN_WAS-WTP;Z_VPN_SLB-WTP;Z_VPN_BWB-WTP;Z_VPN_MNF-STP;Z_VPN_HET-STP;Z_VPN_HYR-STP;Z_VPN_TGW;Z_VPN_TGNW;Z_VPN_TGE;Z_VPN_TGC,MCBU\AWALI,AD_MA_AWA_MPROSCDHISTPS91,backup-exec;cotp;ms-ds-smb-base;ms-ds-smbv2;ms-ds-smbv3;ms-wmi;msrpc-base;ndmp;net.tcp;ssl;web-browsing,application-default,,Permanent,,Naveed Razaq,Approved,
Z_OTDMZ,Head Quarter - Riyadh,AD_HQ_OTADM12,Z_OTDomain;Z_SCADA;Z_VPN_Awali;Z_VPN_ET10;Z_VPN_MAPA;Z_VPN_MINA;Z_VPN_PS5;Z_VPN_PS9;Z_VPN_Exit-17;Z_VPN_MNF-WTP;Z_VPN_MLZ-WTP;Z_VPN_SHM-WTP;Z_VPN_HYR-WTP;Z_VPN_WAS-WTP;Z_VPN_SLB-WTP;Z_VPN_BWB-WTP;Z_VPN_MNF-STP;Z_VPN_HET-STP;Z_VPN_HYR-STP;Z_VPN_TGW;Z_VPN_TGNW;Z_VPN_TGE;Z_VPN_TGC,MCBU\AWALI,AD_MA_AWA_MPROSCDPHYAWA01,backup-exec;cotp;ms-ds-smb-base;ms-ds-smbv2;ms-ds-smbv3;ms-wmi;msrpc-base;ndmp;net.tcp;ssl;web-browsing,application-default,,Permanent,,Naveed Razaq,Approved,
Z_OTDMZ,Head Quarter - Riyadh,AD_HQ_OTADM12,Z_OTDomain;Z_SCADA;Z_VPN_Awali;Z_VPN_ET10;Z_VPN_MAPA;Z_VPN_MINA;Z_VPN_PS5;Z_VPN_PS9;Z_VPN_Exit-17;Z_VPN_MNF-WTP;Z_VPN_MLZ-WTP;Z_VPN_SHM-WTP;Z_VPN_HYR-WTP;Z_VPN_WAS-WTP;Z_VPN_SLB-WTP;Z_VPN_BWB-WTP;Z_VPN_MNF-STP;Z_VPN_HET-STP;Z_VPN_HYR-STP;Z_VPN_TGW;Z_VPN_TGNW;Z_VPN_TGE;Z_VPN_TGC,MCBU\AWALI,AD_MA_AWA_MPROSCDPHYAWA02,backup-exec;cotp;ms-ds-smb-base;ms-ds-smbv2;ms-ds-smbv3;ms-wmi;msrpc-base;ndmp;net.tcp;ssl;web-browsing,application-default,,Permanent,,Naveed Razaq,Approved,
Z_OTDMZ,Head Quarter - Riyadh,AD_HQ_OTADM12,Z_OTDomain;Z_SCADA;Z_VPN_Awali;Z_VPN_ET10;Z_VPN_MAPA;Z_VPN_MINA;Z_VPN_PS5;Z_VPN_PS9;Z_VPN_Exit-17;Z_VPN_MNF-WTP;Z_VPN_MLZ-WTP;Z_VPN_SHM-WTP;Z_VPN_HYR-WTP;Z_VPN_WAS-WTP;Z_VPN_SLB-WTP;Z_VPN_BWB-WTP;Z_VPN_MNF-STP;Z_VPN_HET-STP;Z_VPN_HYR-STP;Z_VPN_TGW;Z_VPN_TGNW;Z_VPN_TGE;Z_VPN_TGC,MCBU\AWALI,AD_MA_AWA_MPROSCDPHYAWA03,backup-exec;cotp;ms-ds-smb-base;ms-ds-smbv2;ms-ds-smbv3;ms-wmi;msrpc-base;ndmp;net.tcp;ssl;web-browsing,application-default,,Permanent,,Naveed Razaq,Approved,
Z_OTDMZ,Head Quarter - Riyadh,AD_HQ_OTADM12,Z_OTDomain;Z_SCADA;Z_VPN_Awali;Z_VPN_ET10;Z_VPN_MAPA;Z_VPN_MINA;Z_VPN_PS5;Z_VPN_PS9;Z_VPN_Exit-17;Z_VPN_MNF-WTP;Z_VPN_MLZ-WTP;Z_VPN_SHM-WTP;Z_VPN_HYR-WTP;Z_VPN_WAS-WTP;Z_VPN_SLB-WTP;Z_VPN_BWB-WTP;Z_VPN_MNF-STP;Z_VPN_HET-STP;Z_VPN_HYR-STP;Z_VPN_TGW;Z_VPN_TGNW;Z_VPN_TGE;Z_VPN_TGC,MCBU\AWALI,AD_MA_AWA_MPROSCDPHYPS901,backup-exec;cotp;ms-ds-smb-base;ms-ds-smbv2;ms-ds-smbv3;ms-wmi;msrpc-base;ndmp;net.tcp;ssl;web-browsing,application-default,,Permanent,,Naveed Razaq,Approved,
Z_OTDMZ,Head Quarter - Riyadh,AD_HQ_OTADM12,Z_OTDomain;Z_SCADA;Z_VPN_Awali;Z_VPN_ET10;Z_VPN_MAPA;Z_VPN_MINA;Z_VPN_PS5;Z_VPN_PS9;Z_VPN_Exit-17;Z_VPN_MNF-WTP;Z_VPN_MLZ-WTP;Z_VPN_SHM-WTP;Z_VPN_HYR-WTP;Z_VPN_WAS-WTP;Z_VPN_SLB-WTP;Z_VPN_BWB-WTP;Z_VPN_MNF-STP;Z_VPN_HET-STP;Z_VPN_HYR-STP;Z_VPN_TGW;Z_VPN_TGNW;Z_VPN_TGE;Z_VPN_TGC,MCBU\AWALI,AD_MA_AWA_MTPROSCDINT01,backup-exec;cotp;ms-ds-smb-base;ms-ds-smbv2;ms-ds-smbv3;ms-wmi;msrpc-base;ndmp;net.tcp;ssl;web-browsing,application-default,,Permanent,,Naveed Razaq,Approved,
Z_OTDMZ,Head Quarter - Riyadh,AD_HQ_OTADM12,Z_OTDomain;Z_SCADA;Z_VPN_Awali;Z_VPN_ET10;Z_VPN_MAPA;Z_VPN_MINA;Z_VPN_PS5;Z_VPN_PS9;Z_VPN_Exit-17;Z_VPN_MNF-WTP;Z_VPN_MLZ-WTP;Z_VPN_SHM-WTP;Z_VPN_HYR-WTP;Z_VPN_WAS-WTP;Z_VPN_SLB-WTP;Z_VPN_BWB-WTP;Z_VPN_MNF-STP;Z_VPN_HET-STP;Z_VPN_HYR-STP;Z_VPN_TGW;Z_VPN_TGNW;Z_VPN_TGE;Z_VPN_TGC,MCBU\AWALI,AD_MA_AWA_MTPROSCDINT03,backup-exec;cotp;ms-ds-smb-base;ms-ds-smbv2;ms-ds-smbv3;ms-wmi;msrpc-base;ndmp;net.tcp;ssl;web-browsing,application-default,,Permanent,,Naveed Razaq,Approved,
Z_OTDMZ,Head Quarter - Riyadh,AD_HQ_OTADM12,Z_OTDomain;Z_SCADA;Z_VPN_Awali;Z_VPN_ET10;Z_VPN_MAPA;Z_VPN_MINA;Z_VPN_PS5;Z_VPN_PS9;Z_VPN_Exit-17;Z_VPN_MNF-WTP;Z_VPN_MLZ-WTP;Z_VPN_SHM-WTP;Z_VPN_HYR-WTP;Z_VPN_WAS-WTP;Z_VPN_SLB-WTP;Z_VPN_BWB-WTP;Z_VPN_MNF-STP;Z_VPN_HET-STP;Z_VPN_HYR-STP;Z_VPN_TGW;Z_VPN_TGNW;Z_VPN_TGE;Z_VPN_TGC,RCBU\Exit-10,RD-Et10-SCADA-WS-1,backup-exec;cotp;ms-ds-smb-base;ms-ds-smbv2;ms-ds-smbv3;ms-wmi;msrpc-base;ndmp;net.tcp;ssl;web-browsing,application-default,,Permanent,,Naveed Razaq,Approved,
Z_OTDMZ,Head Quarter - Riyadh,AD_HQ_OTADM12,Z_OTDomain;Z_SCADA;Z_VPN_Awali;Z_VPN_ET10;Z_VPN_MAPA;Z_VPN_MINA;Z_VPN_PS5;Z_VPN_PS9;Z_VPN_Exit-17;Z_VPN_MNF-WTP;Z_VPN_MLZ-WTP;Z_VPN_SHM-WTP;Z_VPN_HYR-WTP;Z_VPN_WAS-WTP;Z_VPN_SLB-WTP;Z_VPN_BWB-WTP;Z_VPN_MNF-STP;Z_VPN_HET-STP;Z_VPN_HYR-STP;Z_VPN_TGW;Z_VPN_TGNW;Z_VPN_TGE;Z_VPN_TGC,RCBU\Exit-10,RD-Et10-SCADA-WS-2,backup-exec;cotp;ms-ds-smb-base;ms-ds-smbv2;ms-ds-smbv3;ms-wmi;msrpc-base;ndmp;net.tcp;ssl;web-browsing,application-default,,Permanent,,Naveed Razaq,Approved,
Z_OTDMZ,Head Quarter - Riyadh,AD_HQ_OTADM12,Z_OTDomain;Z_SCADA;Z_VPN_Awali;Z_VPN_ET10;Z_VPN_MAPA;Z_VPN_MINA;Z_VPN_PS5;Z_VPN_PS9;Z_VPN_Exit-17;Z_VPN_MNF-WTP;Z_VPN_MLZ-WTP;Z_VPN_SHM-WTP;Z_VPN_HYR-WTP;Z_VPN_WAS-WTP;Z_VPN_SLB-WTP;Z_VPN_BWB-WTP;Z_VPN_MNF-STP;Z_VPN_HET-STP;Z_VPN_HYR-STP;Z_VPN_TGW;Z_VPN_TGNW;Z_VPN_TGE;Z_VPN_TGC,Head Quarter - Riyadh,AD_HQ_SCADA_WS_1,backup-exec;cotp;ms-ds-smb-base;ms-ds-smbv2;ms-ds-smbv3;ms-wmi;msrpc-base;ndmp;net.tcp;ssl;web-browsing,application-default,,Permanent,,Naveed Razaq,Approved,
Z_OTDMZ,Head Quarter - Riyadh,AD_HQ_OTADM12,Z_OTDomain;Z_SCADA;Z_VPN_Awali;Z_VPN_ET10;Z_VPN_MAPA;Z_VPN_MINA;Z_VPN_PS5;Z_VPN_PS9;Z_VPN_Exit-17;Z_VPN_MNF-WTP;Z_VPN_MLZ-WTP;Z_VPN_SHM-WTP;Z_VPN_HYR-WTP;Z_VPN_WAS-WTP;Z_VPN_SLB-WTP;Z_VPN_BWB-WTP;Z_VPN_MNF-STP;Z_VPN_HET-STP;Z_VPN_HYR-STP;Z_VPN_TGW;Z_VPN_TGNW;Z_VPN_TGE;Z_VPN_TGC,Head Quarter - Riyadh,AD_HQ_SCADA_WS_2,backup-exec;cotp;ms-ds-smb-base;ms-ds-smbv2;ms-ds-smbv3;ms-wmi;msrpc-base;ndmp;net.tcp;ssl;web-browsing,application-default,,Permanent,,Naveed Razaq,Approved,
Z_OTDMZ,Head Quarter - Riyadh,AD_HQ_OTADM12,Z_OTDomain;Z_SCADA;Z_VPN_Awali;Z_VPN_ET10;Z_VPN_MAPA;Z_VPN_MINA;Z_VPN_PS5;Z_VPN_PS9;Z_VPN_Exit-17;Z_VPN_MNF-WTP;Z_VPN_MLZ-WTP;Z_VPN_SHM-WTP;Z_VPN_HYR-WTP;Z_VPN_WAS-WTP;Z_VPN_SLB-WTP;Z_VPN_BWB-WTP;Z_VPN_MNF-STP;Z_VPN_HET-STP;Z_VPN_HYR-STP;Z_VPN_TGW;Z_VPN_TGNW;Z_VPN_TGE;Z_VPN_TGC,Head Quarter - Riyadh,AD_HQ_OTADM01,backup-exec;cotp;ms-ds-smb-base;ms-ds-smbv2;ms-ds-smbv3;ms-wmi;msrpc-base;ndmp;net.tcp;ssl;web-browsing,application-default,,Permanent,,Naveed Razaq,Approved,
Z_OTDMZ,Head Quarter - Riyadh,AD_HQ_OTADM12,Z_OTDomain;Z_SCADA;Z_VPN_Awali;Z_VPN_ET10;Z_VPN_MAPA;Z_VPN_MINA;Z_VPN_PS5;Z_VPN_PS9;Z_VPN_Exit-17;Z_VPN_MNF-WTP;Z_VPN_MLZ-WTP;Z_VPN_SHM-WTP;Z_VPN_HYR-WTP;Z_VPN_WAS-WTP;Z_VPN_SLB-WTP;Z_VPN_BWB-WTP;Z_VPN_MNF-STP;Z_VPN_HET-STP;Z_VPN_HYR-STP;Z_VPN_TGW;Z_VPN_TGNW;Z_VPN_TGE;Z_VPN_TGC,Head Quarter - Riyadh,AD_HQ_OTADM02,backup-exec;cotp;ms-ds-smb-base;ms-ds-smbv2;ms-ds-smbv3;ms-wmi;msrpc-base;ndmp;net.tcp;ssl;web-browsing,application-default,,Permanent,,Naveed Razaq,Approved,
Z_OTDMZ,Head Quarter - Riyadh,AD_HQ_OTADM12,Z_OTDomain;Z_SCADA;Z_VPN_Awali;Z_VPN_ET10;Z_VPN_MAPA;Z_VPN_MINA;Z_VPN_PS5;Z_VPN_PS9;Z_VPN_Exit-17;Z_VPN_MNF-WTP;Z_VPN_MLZ-WTP;Z_VPN_SHM-WTP;Z_VPN_HYR-WTP;Z_VPN_WAS-WTP;Z_VPN_SLB-WTP;Z_VPN_BWB-WTP;Z_VPN_MNF-STP;Z_VPN_HET-STP;Z_VPN_HYR-STP;Z_VPN_TGW;Z_VPN_TGNW;Z_VPN_TGE;Z_VPN_TGC,Head Quarter - Riyadh,AD_HQ_OTADM11,backup-exec;cotp;ms-ds-smb-base;ms-ds-smbv2;ms-ds-smbv3;ms-wmi;msrpc-base;ndmp;net.tcp;ssl;web-browsing,application-default,,Permanent,,Naveed Razaq,Approved,
Z_OTDMZ,Head Quarter - Riyadh,AD_HQ_OTADM12,Z_OTDomain;Z_SCADA;Z_VPN_Awali;Z_VPN_ET10;Z_VPN_MAPA;Z_VPN_MINA;Z_VPN_PS5;Z_VPN_PS9;Z_VPN_Exit-17;Z_VPN_MNF-WTP;Z_VPN_MLZ-WTP;Z_VPN_SHM-WTP;Z_VPN_HYR-WTP;Z_VPN_WAS-WTP;Z_VPN_SLB-WTP;Z_VPN_BWB-WTP;Z_VPN_MNF-STP;Z_VPN_HET-STP;Z_VPN_HYR-STP;Z_VPN_TGW;Z_VPN_TGNW;Z_VPN_TGE;Z_VPN_TGC,Head Quarter - Riyadh,AD_HQ_OTADM12,backup-exec;cotp;ms-ds-smb-base;ms-ds-smbv2;ms-ds-smbv3;ms-wmi;msrpc-base;ndmp;net.tcp;ssl;web-browsing,application-default,,Permanent,,Naveed Razaq,Approved,
Z_OTDMZ,Head Quarter - Riyadh,AD_HQ_OTADM12,Z_OTDomain;Z_SCADA;Z_VPN_Awali;Z_VPN_ET10;Z_VPN_MAPA;Z_VPN_MINA;Z_VPN_PS5;Z_VPN_PS9;Z_VPN_Exit-17;Z_VPN_MNF-WTP;Z_VPN_MLZ-WTP;Z_VPN_SHM-WTP;Z_VPN_HYR-WTP;Z_VPN_WAS-WTP;Z_VPN_SLB-WTP;Z_VPN_BWB-WTP;Z_VPN_MNF-STP;Z_VPN_HET-STP;Z_VPN_HYR-STP;Z_VPN_TGW;Z_VPN_TGNW;Z_VPN_TGE;Z_VPN_TGC,Head Quarter - Riyadh,AD_HQ_OTADM21,backup-exec;cotp;ms-ds-smb-base;ms-ds-smbv2;ms-ds-smbv3;ms-wmi;msrpc-base;ndmp;net.tcp;ssl;web-browsing,application-default,,Permanent,,Naveed Razaq,Approved,
Z_OTDMZ,Head Quarter - Riyadh,AD_HQ_OTADM12,Z_OTDomain;Z_SCADA;Z_VPN_Awali;Z_VPN_ET10;Z_VPN_MAPA;Z_VPN_MINA;Z_VPN_PS5;Z_VPN_PS9;Z_VPN_Exit-17;Z_VPN_MNF-WTP;Z_VPN_MLZ-WTP;Z_VPN_SHM-WTP;Z_VPN_HYR-WTP;Z_VPN_WAS-WTP;Z_VPN_SLB-WTP;Z_VPN_BWB-WTP;Z_VPN_MNF-STP;Z_VPN_HET-STP;Z_VPN_HYR-STP;Z_VPN_TGW;Z_VPN_TGNW;Z_VPN_TGE;Z_VPN_TGC,Head Quarter - Riyadh,AD_HQ_OTADM22,backup-exec;cotp;ms-ds-smb-base;ms-ds-smbv2;ms-ds-smbv3;ms-wmi;msrpc-base;ndmp;net.tcp;ssl;web-browsing,application-default,,Permanent,,Naveed Razaq,Approved,
Z_OTDMZ,Head Quarter - Riyadh,AD_HQ_OTADM12,Z_OTDomain;Z_SCADA;Z_VPN_Awali;Z_VPN_ET10;Z_VPN_MAPA;Z_VPN_MINA;Z_VPN_PS5;Z_VPN_PS9;Z_VPN_Exit-17;Z_VPN_MNF-WTP;Z_VPN_MLZ-WTP;Z_VPN_SHM-WTP;Z_VPN_HYR-WTP;Z_VPN_WAS-WTP;Z_VPN_SLB-WTP;Z_VPN_BWB-WTP;Z_VPN_MNF-STP;Z_VPN_HET-STP;Z_VPN_HYR-STP;Z_VPN_TGW;Z_VPN_TGNW;Z_VPN_TGE;Z_VPN_TGC,Head Quarter - Riyadh,AD_HQ_OTDMZPHY01,backup-exec;cotp;ms-ds-smb-base;ms-ds-smbv2;ms-ds-smbv3;ms-wmi;msrpc-base;ndmp;net.tcp;ssl;web-browsing,application-default,,Permanent,,Naveed Razaq,Approved,
Z_OTDMZ,Head Quarter - Riyadh,AD_HQ_OTADM12,Z_OTDomain;Z_SCADA;Z_VPN_Awali;Z_VPN_ET10;Z_VPN_MAPA;Z_VPN_MINA;Z_VPN_PS5;Z_VPN_PS9;Z_VPN_Exit-17;Z_VPN_MNF-WTP;Z_VPN_MLZ-WTP;Z_VPN_SHM-WTP;Z_VPN_HYR-WTP;Z_VPN_WAS-WTP;Z_VPN_SLB-WTP;Z_VPN_BWB-WTP;Z_VPN_MNF-STP;Z_VPN_HET-STP;Z_VPN_HYR-STP;Z_VPN_TGW;Z_VPN_TGNW;Z_VPN_TGE;Z_VPN_TGC,Head Quarter - Riyadh,AD_HQ_OTDOMPHY01,backup-exec;cotp;ms-ds-smb-base;ms-ds-smbv2;ms-ds-smbv3;ms-wmi;msrpc-base;ndmp;net.tcp;ssl;web-browsing,application-default,,Permanent,,Naveed Razaq,Approved,
Z_OTDMZ,Head Quarter - Riyadh,AD_HQ_OTADM12,Z_OTDomain;Z_SCADA;Z_VPN_Awali;Z_VPN_ET10;Z_VPN_MAPA;Z_VPN_MINA;Z_VPN_PS5;Z_VPN_PS9;Z_VPN_Exit-17;Z_VPN_MNF-WTP;Z_VPN_MLZ-WTP;Z_VPN_SHM-WTP;Z_VPN_HYR-WTP;Z_VPN_WAS-WTP;Z_VPN_SLB-WTP;Z_VPN_BWB-WTP;Z_VPN_MNF-STP;Z_VPN_HET-STP;Z_VPN_HYR-STP;Z_VPN_TGW;Z_VPN_TGNW;Z_VPN_TGE;Z_VPN_TGC,Head Quarter - Riyadh,AD_HQ_OTHIST01,backup-exec;cotp;ms-ds-smb-base;ms-ds-smbv2;ms-ds-smbv3;ms-wmi;msrpc-base;ndmp;net.tcp;ssl;web-browsing,application-default,,Permanent,,Naveed Razaq,Approved,
Z_OTDMZ,Head Quarter - Riyadh,AD_HQ_OTADM12,Z_OTDomain;Z_SCADA;Z_VPN_Awali;Z_VPN_ET10;Z_VPN_MAPA;Z_VPN_MINA;Z_VPN_PS5;Z_VPN_PS9;Z_VPN_Exit-17;Z_VPN_MNF-WTP;Z_VPN_MLZ-WTP;Z_VPN_SHM-WTP;Z_VPN_HYR-WTP;Z_VPN_WAS-WTP;Z_VPN_SLB-WTP;Z_VPN_BWB-WTP;Z_VPN_MNF-STP;Z_VPN_HET-STP;Z_VPN_HYR-STP;Z_VPN_TGW;Z_VPN_TGNW;Z_VPN_TGE;Z_VPN_TGC,Head Quarter - Riyadh,AD_HQ_OTMGMPHY01,backup-exec;cotp;ms-ds-smb-base;ms-ds-smbv2;ms-ds-smbv3;ms-wmi;msrpc-base;ndmp;net.tcp;ssl;web-browsing,application-default,,Permanent,,Naveed Razaq,Approved,
Z_OTDMZ,Head Quarter - Riyadh,AD_HQ_OTADM12,Z_OTDomain;Z_SCADA;Z_VPN_Awali;Z_VPN_ET10;Z_VPN_MAPA;Z_VPN_MINA;Z_VPN_PS5;Z_VPN_PS9;Z_VPN_Exit-17;Z_VPN_MNF-WTP;Z_VPN_MLZ-WTP;Z_VPN_SHM-WTP;Z_VPN_HYR-WTP;Z_VPN_WAS-WTP;Z_VPN_SLB-WTP;Z_VPN_BWB-WTP;Z_VPN_MNF-STP;Z_VPN_HET-STP;Z_VPN_HYR-STP;Z_VPN_TGW;Z_VPN_TGNW;Z_VPN_TGE;Z_VPN_TGC,MCBU\MINA,AD_MA_MIN_MCPSCADA-MN02,backup-exec;cotp;ms-ds-smb-base;ms-ds-smbv2;ms-ds-smbv3;ms-wmi;msrpc-base;ndmp;net.tcp;ssl;web-browsing,application-default,,Permanent,,Naveed Razaq,Approved,
Z_OTDMZ,Head Quarter - Riyadh,AD_HQ_OTADM12,Z_OTDomain;Z_SCADA;Z_VPN_Awali;Z_VPN_ET10;Z_VPN_MAPA;Z_VPN_MINA;Z_VPN_PS5;Z_VPN_PS9;Z_VPN_Exit-17;Z_VPN_MNF-WTP;Z_VPN_MLZ-WTP;Z_VPN_SHM-WTP;Z_VPN_HYR-WTP;Z_VPN_WAS-WTP;Z_VPN_SLB-WTP;Z_VPN_BWB-WTP;Z_VPN_MNF-STP;Z_VPN_HET-STP;Z_VPN_HYR-STP;Z_VPN_TGW;Z_VPN_TGNW;Z_VPN_TGE;Z_VPN_TGC,MCBU\MINA,AD_MA_MIN_MPROHYVHVS001,backup-exec;cotp;ms-ds-smb-base;ms-ds-smbv2;ms-ds-smbv3;ms-wmi;msrpc-base;ndmp;net.tcp;ssl;web-browsing,application-default,,Permanent,,Naveed Razaq,Approved,
Z_OTDMZ,Head Quarter - Riyadh,AD_HQ_OTADM12,Z_OTDomain;Z_SCADA;Z_VPN_Awali;Z_VPN_ET10;Z_VPN_MAPA;Z_VPN_MINA;Z_VPN_PS5;Z_VPN_PS9;Z_VPN_Exit-17;Z_VPN_MNF-WTP;Z_VPN_MLZ-WTP;Z_VPN_SHM-WTP;Z_VPN_HYR-WTP;Z_VPN_WAS-WTP;Z_VPN_SLB-WTP;Z_VPN_BWB-WTP;Z_VPN_MNF-STP;Z_VPN_HET-STP;Z_VPN_HYR-STP;Z_VPN_TGW;Z_VPN_TGNW;Z_VPN_TGE;Z_VPN_TGC,MCBU\MINA,AD_MA_MIN_MPROSCDDASP01,backup-exec;cotp;ms-ds-smb-base;ms-ds-smbv2;ms-ds-smbv3;ms-wmi;msrpc-base;ndmp;net.tcp;ssl;web-browsing,application-default,,Permanent,,Naveed Razaq,Approved,
Z_OTDMZ,Head Quarter - Riyadh,AD_HQ_OTADM12,Z_OTDomain;Z_SCADA;Z_VPN_Awali;Z_VPN_ET10;Z_VPN_MAPA;Z_VPN_MINA;Z_VPN_PS5;Z_VPN_PS9;Z_VPN_Exit-17;Z_VPN_MNF-WTP;Z_VPN_MLZ-WTP;Z_VPN_SHM-WTP;Z_VPN_HYR-WTP;Z_VPN_WAS-WTP;Z_VPN_SLB-WTP;Z_VPN_BWB-WTP;Z_VPN_MNF-STP;Z_VPN_HET-STP;Z_VPN_HYR-STP;Z_VPN_TGW;Z_VPN_TGNW;Z_VPN_TGE;Z_VPN_TGC,MCBU\MINA,AD_MA_MIN_MPROSCDDASP02,backup-exec;cotp;ms-ds-smb-base;ms-ds-smbv2;ms-ds-smbv3;ms-wmi;msrpc-base;ndmp;net.tcp;ssl;web-browsing,application-default,,Permanent,,Naveed Razaq,Approved,
Z_OTDMZ,Head Quarter - Riyadh,AD_HQ_OTADM12,Z_OTDomain;Z_SCADA;Z_VPN_Awali;Z_VPN_ET10;Z_VPN_MAPA;Z_VPN_MINA;Z_VPN_PS5;Z_VPN_PS9;Z_VPN_Exit-17;Z_VPN_MNF-WTP;Z_VPN_MLZ-WTP;Z_VPN_SHM-WTP;Z_VPN_HYR-WTP;Z_VPN_WAS-WTP;Z_VPN_SLB-WTP;Z_VPN_BWB-WTP;Z_VPN_MNF-STP;Z_VPN_HET-STP;Z_VPN_HYR-STP;Z_VPN_TGW;Z_VPN_TGNW;Z_VPN_TGE;Z_VPN_TGC,MCBU\MINA,AD_MA_MIN_MPROSCDGRPF01,backup-exec;cotp;ms-ds-smb-base;ms-ds-smbv2;ms-ds-smbv3;ms-wmi;msrpc-base;ndmp;net.tcp;ssl;web-browsing,application-default,,Permanent,,Naveed Razaq,Approved,
Z_OTDMZ,Head Quarter - Riyadh,AD_HQ_OTADM12,Z_OTDomain;Z_SCADA;Z_VPN_Awali;Z_VPN_ET10;Z_VPN_MAPA;Z_VPN_MINA;Z_VPN_PS5;Z_VPN_PS9;Z_VPN_Exit-17;Z_VPN_MNF-WTP;Z_VPN_MLZ-WTP;Z_VPN_SHM-WTP;Z_VPN_HYR-WTP;Z_VPN_WAS-WTP;Z_VPN_SLB-WTP;Z_VPN_BWB-WTP;Z_VPN_MNF-STP;Z_VPN_HET-STP;Z_VPN_HYR-STP;Z_VPN_TGW;Z_VPN_TGNW;Z_VPN_TGE;Z_VPN_TGC,MCBU\MINA,AD_MA_MIN_MPROSCDHIST01,backup-exec;cotp;ms-ds-smb-base;ms-ds-smbv2;ms-ds-smbv3;ms-wmi;msrpc-base;ndmp;net.tcp;ssl;web-browsing,application-default,,Permanent,,Naveed Razaq,Approved,
Z_OTDMZ,Head Quarter - Riyadh,AD_HQ_OTADM12,Z_OTDomain;Z_SCADA;Z_VPN_Awali;Z_VPN_ET10;Z_VPN_MAPA;Z_VPN_MINA;Z_VPN_PS5;Z_VPN_PS9;Z_VPN_Exit-17;Z_VPN_MNF-WTP;Z_VPN_MLZ-WTP;Z_VPN_SHM-WTP;Z_VPN_HYR-WTP;Z_VPN_WAS-WTP;Z_VPN_SLB-WTP;Z_VPN_BWB-WTP;Z_VPN_MNF-STP;Z_VPN_HET-STP;Z_VPN_HYR-STP;Z_VPN_TGW;Z_VPN_TGNW;Z_VPN_TGE;Z_VPN_TGC,MCBU\MINA,AD_MA_MIN_MPROSCDSRV001,backup-exec;cotp;ms-ds-smb-base;ms-ds-smbv2;ms-ds-smbv3;ms-wmi;msrpc-base;ndmp;net.tcp;ssl;web-browsing,application-default,,Permanent,,Naveed Razaq,Approved,
Z_OTDMZ,Head Quarter - Riyadh,AD_HQ_OTADM12,Z_OTDomain;Z_SCADA;Z_VPN_Awali;Z_VPN_ET10;Z_VPN_MAPA;Z_VPN_MINA;Z_VPN_PS5;Z_VPN_PS9;Z_VPN_Exit-17;Z_VPN_MNF-WTP;Z_VPN_MLZ-WTP;Z_VPN_SHM-WTP;Z_VPN_HYR-WTP;Z_VPN_WAS-WTP;Z_VPN_SLB-WTP;Z_VPN_BWB-WTP;Z_VPN_MNF-STP;Z_VPN_HET-STP;Z_VPN_HYR-STP;Z_VPN_TGW;Z_VPN_TGNW;Z_VPN_TGE;Z_VPN_TGC,MCBU\MINA,AD_MA_MIN_MS_AOS_DAS_01,backup-exec;cotp;ms-ds-smb-base;ms-ds-smbv2;ms-ds-smbv3;ms-wmi;msrpc-base;ndmp;net.tcp;ssl;web-browsing,application-default,,Permanent,,Naveed Razaq,Approved,
Z_OTDMZ,Head Quarter - Riyadh,AD_HQ_OTADM12,Z_OTDomain;Z_SCADA;Z_VPN_Awali;Z_VPN_ET10;Z_VPN_MAPA;Z_VPN_MINA;Z_VPN_PS5;Z_VPN_PS9;Z_VPN_Exit-17;Z_VPN_MNF-WTP;Z_VPN_MLZ-WTP;Z_VPN_SHM-WTP;Z_VPN_HYR-WTP;Z_VPN_WAS-WTP;Z_VPN_SLB-WTP;Z_VPN_BWB-WTP;Z_VPN_MNF-STP;Z_VPN_HET-STP;Z_VPN_HYR-STP;Z_VPN_TGW;Z_VPN_TGNW;Z_VPN_TGE;Z_VPN_TGC,MCBU\MINA,AD_MA_MIN_MS_AOS_DAS_02,backup-exec;cotp;ms-ds-smb-base;ms-ds-smbv2;ms-ds-smbv3;ms-wmi;msrpc-base;ndmp;net.tcp;ssl;web-browsing,application-default,,Permanent,,Naveed Razaq,Approved,
Z_OTDMZ,Head Quarter - Riyadh,AD_HQ_OTADM12,Z_OTDomain;Z_SCADA;Z_VPN_Awali;Z_VPN_ET10;Z_VPN_MAPA;Z_VPN_MINA;Z_VPN_PS5;Z_VPN_PS9;Z_VPN_Exit-17;Z_VPN_MNF-WTP;Z_VPN_MLZ-WTP;Z_VPN_SHM-WTP;Z_VPN_HYR-WTP;Z_VPN_WAS-WTP;Z_VPN_SLB-WTP;Z_VPN_BWB-WTP;Z_VPN_MNF-STP;Z_VPN_HET-STP;Z_VPN_HYR-STP;Z_VPN_TGW;Z_VPN_TGNW;Z_VPN_TGE;Z_VPN_TGC,MCBU\MINA,AD_MA_MIN_MS_INSQL_01,backup-exec;cotp;ms-ds-smb-base;ms-ds-smbv2;ms-ds-smbv3;ms-wmi;msrpc-base;ndmp;net.tcp;ssl;web-browsing,application-default,,Permanent,,Naveed Razaq,Approved,
Z_OTDMZ,Head Quarter - Riyadh,AD_HQ_OTADM12,Z_OTDomain;Z_SCADA;Z_VPN_Awali;Z_VPN_ET10;Z_VPN_MAPA;Z_VPN_MINA;Z_VPN_PS5;Z_VPN_PS9;Z_VPN_Exit-17;Z_VPN_MNF-WTP;Z_VPN_MLZ-WTP;Z_VPN_SHM-WTP;Z_VPN_HYR-WTP;Z_VPN_WAS-WTP;Z_VPN_SLB-WTP;Z_VPN_BWB-WTP;Z_VPN_MNF-STP;Z_VPN_HET-STP;Z_VPN_HYR-STP;Z_VPN_TGW;Z_VPN_TGNW;Z_VPN_TGE;Z_VPN_TGC,MCBU\MINA,AD_MA_MIN_MS_WS_1,backup-exec;cotp;ms-ds-smb-base;ms-ds-smbv2;ms-ds-smbv3;ms-wmi;msrpc-base;ndmp;net.tcp;ssl;web-browsing,application-default,,Permanent,,Naveed Razaq,Approved,
Z_OTDMZ,Head Quarter - Riyadh,AD_HQ_OTADM12,Z_OTDomain;Z_SCADA;Z_VPN_Awali;Z_VPN_ET10;Z_VPN_MAPA;Z_VPN_MINA;Z_VPN_PS5;Z_VPN_PS9;Z_VPN_Exit-17;Z_VPN_MNF-WTP;Z_VPN_MLZ-WTP;Z_VPN_SHM-WTP;Z_VPN_HYR-WTP;Z_VPN_WAS-WTP;Z_VPN_SLB-WTP;Z_VPN_BWB-WTP;Z_VPN_MNF-STP;Z_VPN_HET-STP;Z_VPN_HYR-STP;Z_VPN_TGW;Z_VPN_TGNW;Z_VPN_TGE;Z_VPN_TGC,MCBU\MINA,AD_MA_MIN_MS_WS_2,backup-exec;cotp;ms-ds-smb-base;ms-ds-smbv2;ms-ds-smbv3;ms-wmi;msrpc-base;ndmp;net.tcp;ssl;web-browsing,application-default,,Permanent,,Naveed Razaq,Approved,
Z_OTDMZ,Head Quarter - Riyadh,AD_HQ_OTADM12,Z_OTDomain;Z_SCADA;Z_VPN_Awali;Z_VPN_ET10;Z_VPN_MAPA;Z_VPN_MINA;Z_VPN_PS5;Z_VPN_PS9;Z_VPN_Exit-17;Z_VPN_MNF-WTP;Z_VPN_MLZ-WTP;Z_VPN_SHM-WTP;Z_VPN_HYR-WTP;Z_VPN_WAS-WTP;Z_VPN_SLB-WTP;Z_VPN_BWB-WTP;Z_VPN_MNF-STP;Z_VPN_HET-STP;Z_VPN_HYR-STP;Z_VPN_TGW;Z_VPN_TGNW;Z_VPN_TGE;Z_VPN_TGC,MCBU\MOASSAM,AD_MA_MOA_MPROSCDPHYMOA01,backup-exec;cotp;ms-ds-smb-base;ms-ds-smbv2;ms-ds-smbv3;ms-wmi;msrpc-base;ndmp;net.tcp;ssl;web-browsing,application-default,,Permanent,,Naveed Razaq,Approved,
Z_OTDMZ,Head Quarter - Riyadh,AD_HQ_OTADM12,Z_OTDomain;Z_SCADA;Z_VPN_Awali;Z_VPN_ET10;Z_VPN_MAPA;Z_VPN_MINA;Z_VPN_PS5;Z_VPN_PS9;Z_VPN_Exit-17;Z_VPN_MNF-WTP;Z_VPN_MLZ-WTP;Z_VPN_SHM-WTP;Z_VPN_HYR-WTP;Z_VPN_WAS-WTP;Z_VPN_SLB-WTP;Z_VPN_BWB-WTP;Z_VPN_MNF-STP;Z_VPN_HET-STP;Z_VPN_HYR-STP;Z_VPN_TGW;Z_VPN_TGNW;Z_VPN_TGE;Z_VPN_TGC,MCBU\MOASSAM,AD_MA_MOA_MCPPS5C5919-1,backup-exec;cotp;ms-ds-smb-base;ms-ds-smbv2;ms-ds-smbv3;ms-wmi;msrpc-base;ndmp;net.tcp;ssl;web-browsing,application-default,,Permanent,,Naveed Razaq,Approved,
Z_OTDMZ,Head Quarter - Riyadh,AD_HQ_OTADM12,Z_OTDomain;Z_SCADA;Z_VPN_Awali;Z_VPN_ET10;Z_VPN_MAPA;Z_VPN_MINA;Z_VPN_PS5;Z_VPN_PS9;Z_VPN_Exit-17;Z_VPN_MNF-WTP;Z_VPN_MLZ-WTP;Z_VPN_SHM-WTP;Z_VPN_HYR-WTP;Z_VPN_WAS-WTP;Z_VPN_SLB-WTP;Z_VPN_BWB-WTP;Z_VPN_MNF-STP;Z_VPN_HET-STP;Z_VPN_HYR-STP;Z_VPN_TGW;Z_VPN_TGNW;Z_VPN_TGE;Z_VPN_TGC,MCBU\MOASSAM,AD_MA_MOA_MCPPS5C5919-2,backup-exec;cotp;ms-ds-smb-base;ms-ds-smbv2;ms-ds-smbv3;ms-wmi;msrpc-base;ndmp;net.tcp;ssl;web-browsing,application-default,,Permanent,,Naveed Razaq,Approved,
Z_OTDMZ,Head Quarter - Riyadh,AD_HQ_OTADM12,Z_OTDomain;Z_SCADA;Z_VPN_Awali;Z_VPN_ET10;Z_VPN_MAPA;Z_VPN_MINA;Z_VPN_PS5;Z_VPN_PS9;Z_VPN_Exit-17;Z_VPN_MNF-WTP;Z_VPN_MLZ-WTP;Z_VPN_SHM-WTP;Z_VPN_HYR-WTP;Z_VPN_WAS-WTP;Z_VPN_SLB-WTP;Z_VPN_BWB-WTP;Z_VPN_MNF-STP;Z_VPN_HET-STP;Z_VPN_HYR-STP;Z_VPN_TGW;Z_VPN_TGNW;Z_VPN_TGE;Z_VPN_TGC,MCBU\MOASSAM,AD_MA_MOA_MPROSCDDASMOA01,backup-exec;cotp;ms-ds-smb-base;ms-ds-smbv2;ms-ds-smbv3;ms-wmi;msrpc-base;ndmp;net.tcp;ssl;web-browsing,application-default,,Permanent,,Naveed Razaq,Approved,
Z_OTDMZ,Head Quarter - Riyadh,AD_HQ_OTADM12,Z_OTDomain;Z_SCADA;Z_VPN_Awali;Z_VPN_ET10;Z_VPN_MAPA;Z_VPN_MINA;Z_VPN_PS5;Z_VPN_PS9;Z_VPN_Exit-17;Z_VPN_MNF-WTP;Z_VPN_MLZ-WTP;Z_VPN_SHM-WTP;Z_VPN_HYR-WTP;Z_VPN_WAS-WTP;Z_VPN_SLB-WTP;Z_VPN_BWB-WTP;Z_VPN_MNF-STP;Z_VPN_HET-STP;Z_VPN_HYR-STP;Z_VPN_TGW;Z_VPN_TGNW;Z_VPN_TGE;Z_VPN_TGC,MCBU\MOASSAM,AD_MA_MOA_MPROSCDHISTMOA1,backup-exec;cotp;ms-ds-smb-base;ms-ds-smbv2;ms-ds-smbv3;ms-wmi;msrpc-base;ndmp;net.tcp;ssl;web-browsing,application-default,,Permanent,,Naveed Razaq,Approved,
Z_OTDMZ,Head Quarter - Riyadh,AD_HQ_OTADM12,Z_OTDomain;Z_SCADA;Z_VPN_Awali;Z_VPN_ET10;Z_VPN_MAPA;Z_VPN_MINA;Z_VPN_PS5;Z_VPN_PS9;Z_VPN_Exit-17;Z_VPN_MNF-WTP;Z_VPN_MLZ-WTP;Z_VPN_SHM-WTP;Z_VPN_HYR-WTP;Z_VPN_WAS-WTP;Z_VPN_SLB-WTP;Z_VPN_BWB-WTP;Z_VPN_MNF-STP;Z_VPN_HET-STP;Z_VPN_HYR-STP;Z_VPN_TGW;Z_VPN_TGNW;Z_VPN_TGE;Z_VPN_TGC,MCBU\PS5,AD_MA_PS5_MCBU_AOS_DAS1,backup-exec;cotp;ms-ds-smb-base;ms-ds-smbv2;ms-ds-smbv3;ms-wmi;msrpc-base;ndmp;net.tcp;ssl;web-browsing,application-default,,Permanent,,Naveed Razaq,Approved,
Z_OTDMZ,Head Quarter - Riyadh,AD_HQ_OTADM12,Z_OTDomain;Z_SCADA;Z_VPN_Awali;Z_VPN_ET10;Z_VPN_MAPA;Z_VPN_MINA;Z_VPN_PS5;Z_VPN_PS9;Z_VPN_Exit-17;Z_VPN_MNF-WTP;Z_VPN_MLZ-WTP;Z_VPN_SHM-WTP;Z_VPN_HYR-WTP;Z_VPN_WAS-WTP;Z_VPN_SLB-WTP;Z_VPN_BWB-WTP;Z_VPN_MNF-STP;Z_VPN_HET-STP;Z_VPN_HYR-STP;Z_VPN_TGW;Z_VPN_TGNW;Z_VPN_TGE;Z_VPN_TGC,MCBU\PS5,AD_MA_PS5_MCBU_ENG1,backup-exec;cotp;ms-ds-smb-base;ms-ds-smbv2;ms-ds-smbv3;ms-wmi;msrpc-base;ndmp;net.tcp;ssl;web-browsing,application-default,,Permanent,,Naveed Razaq,Approved,
Z_OTDMZ,Head Quarter - Riyadh,AD_HQ_OTADM12,Z_OTDomain;Z_SCADA;Z_VPN_Awali;Z_VPN_ET10;Z_VPN_MAPA;Z_VPN_MINA;Z_VPN_PS5;Z_VPN_PS9;Z_VPN_Exit-17;Z_VPN_MNF-WTP;Z_VPN_MLZ-WTP;Z_VPN_SHM-WTP;Z_VPN_HYR-WTP;Z_VPN_WAS-WTP;Z_VPN_SLB-WTP;Z_VPN_BWB-WTP;Z_VPN_MNF-STP;Z_VPN_HET-STP;Z_VPN_HYR-STP;Z_VPN_TGW;Z_VPN_TGNW;Z_VPN_TGE;Z_VPN_TGC,MCBU\PS5,AD_MA_PS5_MCBU_HMI_001,backup-exec;cotp;ms-ds-smb-base;ms-ds-smbv2;ms-ds-smbv3;ms-wmi;msrpc-base;ndmp;net.tcp;ssl;web-browsing,application-default,,Permanent,,Naveed Razaq,Approved,
Z_OTDMZ,Head Quarter - Riyadh,AD_HQ_OTADM12,Z_OTDomain;Z_SCADA;Z_VPN_Awali;Z_VPN_ET10;Z_VPN_MAPA;Z_VPN_MINA;Z_VPN_PS5;Z_VPN_PS9;Z_VPN_Exit-17;Z_VPN_MNF-WTP;Z_VPN_MLZ-WTP;Z_VPN_SHM-WTP;Z_VPN_HYR-WTP;Z_VPN_WAS-WTP;Z_VPN_SLB-WTP;Z_VPN_BWB-WTP;Z_VPN_MNF-STP;Z_VPN_HET-STP;Z_VPN_HYR-STP;Z_VPN_TGW;Z_VPN_TGNW;Z_VPN_TGE;Z_VPN_TGC,MCBU\PS5,AD_MA_PS5_MCBU_HMI_002,backup-exec;cotp;ms-ds-smb-base;ms-ds-smbv2;ms-ds-smbv3;ms-wmi;msrpc-base;ndmp;net.tcp;ssl;web-browsing,application-default,,Permanent,,Naveed Razaq,Approved,
Z_OTDMZ,Head Quarter - Riyadh,AD_HQ_OTADM12,Z_OTDomain;Z_SCADA;Z_VPN_Awali;Z_VPN_ET10;Z_VPN_MAPA;Z_VPN_MINA;Z_VPN_PS5;Z_VPN_PS9;Z_VPN_Exit-17;Z_VPN_MNF-WTP;Z_VPN_MLZ-WTP;Z_VPN_SHM-WTP;Z_VPN_HYR-WTP;Z_VPN_WAS-WTP;Z_VPN_SLB-WTP;Z_VPN_BWB-WTP;Z_VPN_MNF-STP;Z_VPN_HET-STP;Z_VPN_HYR-STP;Z_VPN_TGW;Z_VPN_TGNW;Z_VPN_TGE;Z_VPN_TGC,MCBU\PS5,AD_MA_PS5_MCBU_HMI_003,backup-exec;cotp;ms-ds-smb-base;ms-ds-smbv2;ms-ds-smbv3;ms-wmi;msrpc-base;ndmp;net.tcp;ssl;web-browsing,application-default,,Permanent,,Naveed Razaq,Approved,
Z_OTDMZ,Head Quarter - Riyadh,AD_HQ_OTADM12,Z_OTDomain;Z_SCADA;Z_VPN_Awali;Z_VPN_ET10;Z_VPN_MAPA;Z_VPN_MINA;Z_VPN_PS5;Z_VPN_PS9;Z_VPN_Exit-17;Z_VPN_MNF-WTP;Z_VPN_MLZ-WTP;Z_VPN_SHM-WTP;Z_VPN_HYR-WTP;Z_VPN_WAS-WTP;Z_VPN_SLB-WTP;Z_VPN_BWB-WTP;Z_VPN_MNF-STP;Z_VPN_HET-STP;Z_VPN_HYR-STP;Z_VPN_TGW;Z_VPN_TGNW;Z_VPN_TGE;Z_VPN_TGC,MCBU\PS5,AD_MA_PS5_MCBU_INSQL_1,backup-exec;cotp;ms-ds-smb-base;ms-ds-smbv2;ms-ds-smbv3;ms-wmi;msrpc-base;ndmp;net.tcp;ssl;web-browsing,application-default,,Permanent,,Naveed Razaq,Approved,
Z_OTDMZ,Head Quarter - Riyadh,AD_HQ_OTADM12,Z_OTDomain;Z_SCADA;Z_VPN_Awali;Z_VPN_ET10;Z_VPN_MAPA;Z_VPN_MINA;Z_VPN_PS5;Z_VPN_PS9;Z_VPN_Exit-17;Z_VPN_MNF-WTP;Z_VPN_MLZ-WTP;Z_VPN_SHM-WTP;Z_VPN_HYR-WTP;Z_VPN_WAS-WTP;Z_VPN_SLB-WTP;Z_VPN_BWB-WTP;Z_VPN_MNF-STP;Z_VPN_HET-STP;Z_VPN_HYR-STP;Z_VPN_TGW;Z_VPN_TGNW;Z_VPN_TGE;Z_VPN_TGC,MCBU\PS5,AD_MA_PS5_MCPSCADA-PS501,backup-exec;cotp;ms-ds-smb-base;ms-ds-smbv2;ms-ds-smbv3;ms-wmi;msrpc-base;ndmp;net.tcp;ssl;web-browsing,application-default,,Permanent,,Naveed Razaq,Approved,
Z_OTDMZ,Head Quarter - Riyadh,AD_HQ_OTADM12,Z_OTDomain;Z_SCADA;Z_VPN_Awali;Z_VPN_ET10;Z_VPN_MAPA;Z_VPN_MINA;Z_VPN_PS5;Z_VPN_PS9;Z_VPN_Exit-17;Z_VPN_MNF-WTP;Z_VPN_MLZ-WTP;Z_VPN_SHM-WTP;Z_VPN_HYR-WTP;Z_VPN_WAS-WTP;Z_VPN_SLB-WTP;Z_VPN_BWB-WTP;Z_VPN_MNF-STP;Z_VPN_HET-STP;Z_VPN_HYR-STP;Z_VPN_TGW;Z_VPN_TGNW;Z_VPN_TGE;Z_VPN_TGC,MCBU\PS5,AD_MA_PS5_MPROSCDDASPS501,backup-exec;cotp;ms-ds-smb-base;ms-ds-smbv2;ms-ds-smbv3;ms-wmi;msrpc-base;ndmp;net.tcp;ssl;web-browsing,application-default,,Permanent,,Naveed Razaq,Approved,
Z_OTDMZ,Head Quarter - Riyadh,AD_HQ_OTADM12,Z_OTDomain;Z_SCADA;Z_VPN_Awali;Z_VPN_ET10;Z_VPN_MAPA;Z_VPN_MINA;Z_VPN_PS5;Z_VPN_PS9;Z_VPN_Exit-17;Z_VPN_MNF-WTP;Z_VPN_MLZ-WTP;Z_VPN_SHM-WTP;Z_VPN_HYR-WTP;Z_VPN_WAS-WTP;Z_VPN_SLB-WTP;Z_VPN_BWB-WTP;Z_VPN_MNF-STP;Z_VPN_HET-STP;Z_VPN_HYR-STP;Z_VPN_TGW;Z_VPN_TGNW;Z_VPN_TGE;Z_VPN_TGC,MCBU\PS5,AD_MA_PS5_MPROSCDDASPS502,backup-exec;cotp;ms-ds-smb-base;ms-ds-smbv2;ms-ds-smbv3;ms-wmi;msrpc-base;ndmp;net.tcp;ssl;web-browsing,application-default,,Permanent,,Naveed Razaq,Approved,
Z_OTDMZ,Head Quarter - Riyadh,AD_HQ_OTADM12,Z_OTDomain;Z_SCADA;Z_VPN_Awali;Z_VPN_ET10;Z_VPN_MAPA;Z_VPN_MINA;Z_VPN_PS5;Z_VPN_PS9;Z_VPN_Exit-17;Z_VPN_MNF-WTP;Z_VPN_MLZ-WTP;Z_VPN_SHM-WTP;Z_VPN_HYR-WTP;Z_VPN_WAS-WTP;Z_VPN_SLB-WTP;Z_VPN_BWB-WTP;Z_VPN_MNF-STP;Z_VPN_HET-STP;Z_VPN_HYR-STP;Z_VPN_TGW;Z_VPN_TGNW;Z_VPN_TGE;Z_VPN_TGC,MCBU\PS5,AD_MA_PS5_MPROSCDDASPS503,backup-exec;cotp;ms-ds-smb-base;ms-ds-smbv2;ms-ds-smbv3;ms-wmi;msrpc-base;ndmp;net.tcp;ssl;web-browsing,application-default,,Permanent,,Naveed Razaq,Approved,
Z_OTDMZ,Head Quarter - Riyadh,AD_HQ_OTADM12,Z_OTDomain;Z_SCADA;Z_VPN_Awali;Z_VPN_ET10;Z_VPN_MAPA;Z_VPN_MINA;Z_VPN_PS5;Z_VPN_PS9;Z_VPN_Exit-17;Z_VPN_MNF-WTP;Z_VPN_MLZ-WTP;Z_VPN_SHM-WTP;Z_VPN_HYR-WTP;Z_VPN_WAS-WTP;Z_VPN_SLB-WTP;Z_VPN_BWB-WTP;Z_VPN_MNF-STP;Z_VPN_HET-STP;Z_VPN_HYR-STP;Z_VPN_TGW;Z_VPN_TGNW;Z_VPN_TGE;Z_VPN_TGC,MCBU\PS5,AD_MA_PS5_MPROSCDHISTPS51,backup-exec;cotp;ms-ds-smb-base;ms-ds-smbv2;ms-ds-smbv3;ms-wmi;msrpc-base;ndmp;net.tcp;ssl;web-browsing,application-default,,Permanent,,Naveed Razaq,Approved,
Z_OTDMZ,Head Quarter - Riyadh,AD_HQ_OTADM12,Z_OTDomain;Z_SCADA;Z_VPN_Awali;Z_VPN_ET10;Z_VPN_MAPA;Z_VPN_MINA;Z_VPN_PS5;Z_VPN_PS9;Z_VPN_Exit-17;Z_VPN_MNF-WTP;Z_VPN_MLZ-WTP;Z_VPN_SHM-WTP;Z_VPN_HYR-WTP;Z_VPN_WAS-WTP;Z_VPN_SLB-WTP;Z_VPN_BWB-WTP;Z_VPN_MNF-STP;Z_VPN_HET-STP;Z_VPN_HYR-STP;Z_VPN_TGW;Z_VPN_TGNW;Z_VPN_TGE;Z_VPN_TGC,MCBU\PS5,AD_MA_PS5_MPROSCDPHYPS501,backup-exec;cotp;ms-ds-smb-base;ms-ds-smbv2;ms-ds-smbv3;ms-wmi;msrpc-base;ndmp;net.tcp;ssl;web-browsing,application-default,,Permanent,,Naveed Razaq,Approved,
Z_OTDMZ,Head Quarter - Riyadh,AD_HQ_OTADM12,Z_OTDomain;Z_SCADA;Z_VPN_Awali;Z_VPN_ET10;Z_VPN_MAPA;Z_VPN_MINA;Z_VPN_PS5;Z_VPN_PS9;Z_VPN_Exit-17;Z_VPN_MNF-WTP;Z_VPN_MLZ-WTP;Z_VPN_SHM-WTP;Z_VPN_HYR-WTP;Z_VPN_WAS-WTP;Z_VPN_SLB-WTP;Z_VPN_BWB-WTP;Z_VPN_MNF-STP;Z_VPN_HET-STP;Z_VPN_HYR-STP;Z_VPN_TGW;Z_VPN_TGNW;Z_VPN_TGE;Z_VPN_TGC,MCBU\PS5,AD_MA_PS5_MPROSCDPHYPS502,backup-exec;cotp;ms-ds-smb-base;ms-ds-smbv2;ms-ds-smbv3;ms-wmi;msrpc-base;ndmp;net.tcp;ssl;web-browsing,application-default,,Permanent,,Naveed Razaq,Approved,
Z_OTDMZ,Head Quarter - Riyadh,AD_HQ_OTADM12,Z_OTDomain;Z_SCADA;Z_VPN_Awali;Z_VPN_ET10;Z_VPN_MAPA;Z_VPN_MINA;Z_VPN_PS5;Z_VPN_PS9;Z_VPN_Exit-17;Z_VPN_MNF-WTP;Z_VPN_MLZ-WTP;Z_VPN_SHM-WTP;Z_VPN_HYR-WTP;Z_VPN_WAS-WTP;Z_VPN_SLB-WTP;Z_VPN_BWB-WTP;Z_VPN_MNF-STP;Z_VPN_HET-STP;Z_VPN_HYR-STP;Z_VPN_TGW;Z_VPN_TGNW;Z_VPN_TGE;Z_VPN_TGC,MCBU\PS5,AD_MA_PS5_MTCBU_AOS_DAS_02,backup-exec;cotp;ms-ds-smb-base;ms-ds-smbv2;ms-ds-smbv3;ms-wmi;msrpc-base;ndmp;net.tcp;ssl;web-browsing,application-default,,Permanent,,Naveed Razaq,Approved,
