1-1,Cybersecurity Strategy,,,,,,,,,
,Cybersecurity Strategy,"To ensure that cybersecurity plans, goals, initiatives and projects are contributing to compliance with related laws and regulations.",,Cybersecurity Strategy,,,,,,
1-1-1,Cybersecurity Strategy,,"A cybersecurity strategy must be defined, documented and approved. It must be supported by the head of the organization or his/her delegate (referred to in this document as Authorizing Official). The strategy goals must be in-line with related laws and regulations.",Cybersecurity Strategy,,Applicable,Documentation,,,
1-1-2,Cybersecurity Strategy,,A roadmap must be executed to implement the cybersecurity strategy.,Cybersecurity Roadmap,,Applicable,Documentation,,,
1-1-3,Cybersecurity Strategy,,The cybersecurity strategy must be reviewed periodically according to planned intervals or upon changes to related laws and regulations.,Cybersecurity Strategy,,Applicable,Documentation,,,
1-2,Cybersecurity Management,,,,,,,,,
,Cybersecurity Management,To ensure Authorizing Official’s support in implementing and managing cybersecurity programs within the organization as per related laws and regulations,,,,,,,,
1-2-1,Cybersecurity Management,,"A dedicated cybersecurity function (e.g., division, department) must be established within the organization. This function must be independent from the Information Technology/Information Communication and Technology (IT/ICT) functions (as per the Royal Decree number 37140 dated 14/8/1438H). It is highly recommended that this cybersecurity function reports directly to the head of the organization or his/her delegate while ensuring that this does not result in a conflict of interest.",Cybersecurity Committee Charter,,Applicable,Documentation,,,
1-2-2,Cybersecurity Management,,"The position of cybersecurity function head (e.g., CISO), and related supervisory and critical positions within the function, must be filled with full-time and experienced Saudi cybersecurity professionals.",Cybersecurity Governance Framework,,Applicable,Documentation,,,
1-2-3,Cybersecurity Management,,"A cybersecurity steering committee must be established by the Authorizing Official to ensure the support and implementation of the cybersecurity programs and initiatives within the organization. Committee members, roles and responsibilities, and governance framework must be defined, documented and approved. The committee must include the head of the cybersecurity function as one of its members. It is highly recommended that the committee reports directly to the head of the organization or his/her delegate while ensuring that this does not result in a conflict of interest.",Cybersecurity Committee Charter,,Applicable,Documentation,,,
1-3,Cybersecurity Policies and Procedures,,,,,,,,,
,Cybersecurity Policies and Procedures,"To ensure that cybersecurity requirements are documented, communicated and complied with by the organization as per related laws and regulations, and organizational requirements.",,Cybersecurity Policies,,,,,,
1-3-1,Cybersecurity Policies and Procedures,,"Cybersecurity policies and procedures must be defined and documented by the cybersecurity function, approved by the Authorizing Official, and disseminated to relevant parties inside and outside the organization.",Cybersecurity Procedures,,Applicable,Documentation,,,
1-3-2,Cybersecurity Policies and Procedures,,The cybersecurity function must ensure that the cybersecurity policies and procedures are implemented.,Cybersecurity Governance Framework,,Applicable,Documentation,,,
1-3-3,Cybersecurity Policies and Procedures,,"The cybersecurity policies and procedures must be supported by technical security standards (e.g., operating systems, databases and firewall technical security standards).",Technical security standards and baselines,,Applicable,Documentation,,,
1-3-4,Cybersecurity Policies and Procedures,,The cybersecurity policies and procedures must be reviewed periodically according to planned intervals or upon changes to related laws and regulations. Changes and reviews must be approved and documented.,Cybersecurity Independent Audit and review reports,,Applicable,Documentation,,,
1-4,Cybersecurity Roles and Responsibilities,,,,,,,,,
,Cybersecurity Roles and Responsibilities,To ensure that roles and responsibilities are defined for all parties participating in implementing the cybersecurity controls within the organization.,,,,,,,,
1-4-1,Cybersecurity Roles and Responsibilities,,"Cybersecurity organizational structure and related roles and responsibilities must be defined, documented, approved, supported and assigned by the Authorizing Official while ensuring that this does not result in a conflict of interest.","Cybersecurity Organization Structure, roles and responsibilities",,Applicable,Documentation,,,
1-4-2,Cybersecurity Roles and Responsibilities,,The cybersecurity roles and responsibilities must be reviewed periodically according to planned intervals or upon changes to related laws and regulations.,Cybersecurity Independent Audit and review reports,,Applicable,Documentation,,,
1-5,Cybersecurity Risk Management,,,,,,,,,
,Cybersecurity Risk Management,"To ensure managing cybersecurity risks in a methodological approach in order to protect the organization’s information and technology assets as per organizational policies and procedures, and related laws and regulations.",,,,,,,,
1-5-1,Cybersecurity Risk Management,,"Cybersecurity risk management methodology and procedures must be defined, documented and approved as per confidentiality, integrity and availability considerations of information and technology assets.",Cybersecurity risk management methodology,,Applicable,Documentation,,,
1-5-2,Cybersecurity Risk Management,,The cybersecurity risk management methodology and procedures must be implemented by the cybersecurity function.,Cybersecurity risk management methodology,,Applicable,Documentation,,,
1-5-3,Cybersecurity Risk Management,,The cybersecurity risk assessment procedures must be implemented at least in the following cases:,Cybersecuirty Risk management procedures,,Applicable,Documentation,,,
1-5-3-1 ,Cybersecurity Risk Management,,Early stages of technology projects.,Cybersecuirty Risk management procedures,,Applicable,Documentation,,,
1-5-3-2 ,Cybersecurity Risk Management,,Before making major changes to technology infrastructure.,Cybersecuirty Risk management procedures,,Applicable,Documentation,,,
1-5-3-3 ,Cybersecurity Risk Management,,During the planning phase of obtaining third party services.,Cybersecuirty Risk management procedures,,Applicable,Documentation,,,
1-5-3-4 ,Cybersecurity Risk Management,,During the planning phase and before going live for new technology services and products.,Cybersecuirty Risk management procedures,,Applicable,Documentation,,,
1-5-4,Cybersecurity Risk Management,,The cybersecurity risk management methodology and procedures must be reviewed periodically according to planned intervals or upon changes to related laws and regulations. Changes and reviews must be approved and documented.,Cybersecurity Independent Audit and review reports,,Applicable,Documentation,,,
1-6,Cybersecurity in Information and Technology Project Management,,,,,,,,,
,Cybersecurity in Information and Technology Project Management,"To ensure that cybersecurity requirements are included in project management methodology and procedures in order to protect the confidentiality, integrity and availability of information and technology assets as per organization policies and procedures, and related laws and regulations.",,,,,,,,
1-6-1,Cybersecurity in Information and Technology Project Management,,Cybersecurity requirements must be included in project and asset (information/ technology) change management methodology and procedures to identify and manage cybersecurity risks as part of project management lifecycle. The cybersecurity requirements must be a key part of the overall requirements of technology projects.,Cybersecurity Requirements in Project Management,,Applicable,Recommendation,,,
1-6-2,Cybersecurity in Information and Technology Project Management,,The cybersecurity requirements in project and assets (information/technology) change management must include at least the following:,Cybersecurity Requirements in Change Management,,Applicable,Documentation,,,
1-6-2-1,Cybersecurity in Information and Technology Project Management,,Vulnerability assessment and remediation.,Cybersecurity Requirements in Change Management,,Applicable,Documentation,,,
1-6-2-2,Cybersecurity in Information and Technology Project Management,,"Conducting a configurations’ review, secure configuration and hardening and patching before changes or going live for technology projects.",Cybersecurity Requirements in Change Management,,Applicable,Documentation,,,
1-6-3,Cybersecurity in Information and Technology Project Management,,The cybersecurity requirements related to software and application development projects must include at least the following:,Cybersecurity requirements in application development,,Applicable,Documentation,,,
1-6-3-1,Cybersecurity in Information and Technology Project Management,,Using secure coding standards.,Cybersecurity requirements in application development,,Applicable,Documentation,,,
1-6-3-2,Cybersecurity in Information and Technology Project Management,, Using trusted and licensed sources for software development tools and libraries.,Cybersecurity requirements in application development,,Applicable,Documentation,,,
1-6-3-3,Cybersecurity in Information and Technology Project Management,, Conducting compliance test for software against the defined organizational cybersecurity requirements.,Cybersecurity requirements in application development,,Applicable,Documentation,,,
1-6-3-4,Cybersecurity in Information and Technology Project Management,, Secure integration between software components.,Cybersecurity requirements in application development,,Applicable,Documentation,,,
1-6-3-5,Cybersecurity in Information and Technology Project Management,," Conducting a configurations’ review, secure configuration and hardening and patching before going live for software products.",Cybersecurity requirements in application development,,Applicable,Documentation,,,
1-6-4,Cybersecurity in Information and Technology Project Management,,The cybersecurity requirements in project management must be reviewed periodically.,Cybersecurity Independent Audit and review reports,,Not Applicable,Documentation,,,
1-7,"Compliance with Cybersecurity Standards, Laws and Regulations",,,,,,,,,
,"Compliance with Cybersecurity Standards, Laws and Regulations",To ensure that the organization’s cybersecurity program is in compliance with related laws and regulations.,,,,,,,,
1-7-1,"Compliance with Cybersecurity Standards, Laws and Regulations",,The organization must comply with related national cybersecurity laws and regulations.,"List of applicable cybersecurity laws, regulations and industry",,Applicable,Recommendation,,,
1-7-2,"Compliance with Cybersecurity Standards, Laws and Regulations",,The organization must comply with any nationally-approved international agreements and commiments related to cybersecurity.,"List of applicable cybersecurity laws, regulations and industry",,Applicable,Recommendation,,,
1-8,Periodical Cybersecurity Review and Audit,,,,,,,,,
,Periodical Cybersecurity Review and Audit,"To ensure that cybersecurity controls are implemented and in compliance with organizational policies and procedures, as well as related national and international laws, regulations and agreements.",,,,,,,,
1-8-1,Periodical Cybersecurity Review and Audit,,Cybersecurity reviews must be conducted periodically by the cybersecurity function in the organization to assess the compliance with the cybersecurity controls in the organization.,Cybersecurity Compliance requirements and controls library,,Applicable,Recommendation,,,
1-8-2,Periodical Cybersecurity Review and Audit,,"Cybersecurity audits and reviews must be conducted by independent parties outside the cybersecurity function (e.g., Internal Audit function) to assess the compliance with the cybersecurity controls in the organization. Audits and reviews must be conducted independently, while ensuring that this does not result in a conflict of interest, as per the Generally Accepted Auditing Standards (GAAS), and related laws and regulations.",Cybersecurity Independent Audit and review reports,,Applicable,Recommendation,,,
1-8-3,Periodical Cybersecurity Review and Audit,,"Results from the cybersecurity audits and reviews must be documented and presented to the cybersecurity steering committee and Authorizing Official. Results must include the audit/review scope, observations, recommendations and remediation plans.","Cybersecurity Compliance Assessment, tracking, and reporting tool",,Applicable,Recommendation,,,
1-9,Cybersecurity in Human Resources,,,,,,,,,
,Cybersecurity in Human Resources,"To ensure that cybersecurity risks and requirements related to personnel (employees and contractors) are managed efficiently prior to employment, during employment and after termination/separation as per organizational policies and procedures, and related laws and regulations.",,,,,,,,
1-9-1,Cybersecurity in Human Resources,,"Personnel cybersecurity requirements (prior to employment, during employment and after termination/separation) must be defined, documented and approved.",Cybersecuirty requirements in Human resources process document,,Applicable,Recommendation,,,
1-9-2,Cybersecurity in Human Resources,,The personnel cybersecurity requirements must be implemented.,,,Applicable,Recommendation,,,
1-9-3,Cybersecurity in Human Resources,,The personnel cybersecurity requirements prior to employment must include at least the following:,Cybersecuirty requirements in Human resources process document,,Applicable,Recommendation,,,
1-9-3-1 ,Cybersecurity in Human Resources,,Inclusion of personnel cybersecurity responsibilities and non-disclosure clauses (covering the cybersecurity requirements during employment and after termination/ separation) in employment contracts.,Cybersecuirty requirements in Human resources process document,,Applicable,Recommendation,,,
1-9-3-2 ,Cybersecurity in Human Resources,,Screening or vetting candidates of cybersecurity and critical/privileged positions.,Cybersecuirty requirements in Human resources process document,,Applicable,Recommendation,,,
1-9-4,Cybersecurity in Human Resources,,The personnel cybersecurity requirements during employment must include at least the following: ,Cybersecuirty requirements in Human resources process document,,Applicable,Recommendation,,,
1-9-4-1,Cybersecurity in Human Resources,,Cybersecurity awareness (during on-boarding and during employment).,Cybersecuirty requirements in Human resources process document,,Applicable,Recommendation,,,
1-9-4-2,Cybersecurity in Human Resources,,Implementation of and compliance with the cybersecurity requirements as per the organizational cybersecurity policies and procedures.,Cybersecuirty requirements in Human resources process document,,Applicable,Recommendation,,,
1-9-5,Cybersecurity in Human Resources,,Personnel access to information and technology assets must be reviewed and removed immediately upon termination/separation.,Cybersecuirty requirements in Human resources process document,,Applicable,Recommendation,,,
1-9-6,Cybersecurity in Human Resources,,Personnel cybersecurity requirements must be reviewed periodically.,Cybersecuirty requirements in Human resources process document,,Applicable,Recommendation,,,
1-10,Cybersecurity Awareness and Training Program,,,,,,,,,
,Cybersecurity Awareness and Training Program,"To ensure that personnel are aware of their cybersecurity responsibilities and have the essential cybersecurity awareness. It is also to ensure that personnel are provided with the required cybersecurity training, skills and credentials needed to accomplish their cybersecurity responsibilities and to protect the organization’s information and technology assets.",,,,,,,,
1-10-1,Cybersecurity Awareness and Training Program,,"A cybersecurity awareness program must be developed and approved. The program must be conducted periodically through multiple channels to strengthen the awareness about cybersecurity, cyber threats and risks, and to build a positive cybersecurity awareness culture.",Cybersecurity training and awareness framework Document,,Applicable,Documentation,,,
1-10-2,Cybersecurity Awareness and Training Program,,The cybersecurity awareness program must be implemented.,Cybersecurity training and awareness framework Document,,Applicable,Documentation,,,
1-10-3,Cybersecurity Awareness and Training Program,,"The cybersecurity awareness program must cover the latest cyber threats and how to protect against them, and must include at least the following subjects:",Cybersecurity awareness plan and materials,,Applicable,Documentation,,,
1-10-3-1,Cybersecurity Awareness and Training Program,,"Secure handling of email services, especially phishing emails. . ",Cybersecurity awareness plan and materials,,Applicable,Documentation,,,
1-10-3-2,Cybersecurity Awareness and Training Program,,Secure handling of mobile devices and storage media,Cybersecurity awareness plan and materials,,Applicable,Documentation,,,
1-10-3-3,Cybersecurity Awareness and Training Program,,Secure Internet browsing.,Cybersecurity awareness plan and materials,,Applicable,Documentation,,,
1-10-3-4,Cybersecurity Awareness and Training Program,,Secure use of social media.,Cybersecurity awareness plan and materials,,Applicable,Documentation,,,
1-10-4,Cybersecurity Awareness and Training Program,,"Essential and customized (i.e., tailored to job functions as it relates to cybersecurity) training and access to professional skillsets must be made available to personnel working directly on tasks related to cybersecurity including:",Cybersecurity awareness plan and materials,,Applicable,Documentation,,,
1-10-4-1,Cybersecurity Awareness and Training Program,,Cybersecurity function’s personnel.,Cybersecurity awareness plan and materials,,Applicable,Documentation,,,
1-10-4-2,Cybersecurity Awareness and Training Program,,Personnel working on software/application development. and information and technology assets operations.,Cybersecurity awareness plan and materials,,Applicable,Documentation,,,
1-10-4-3,Cybersecurity Awareness and Training Program,,Executive and supervisory positions.,Cybersecurity awareness plan and materials,,Applicable,Documentation,,,
1-10-5,Cybersecurity Awareness and Training Program,,The implementation of the cybersecurity awareness program must be reviewed periodically.,,,Applicable,Documentation,,,
2-1,Asset Management,,,,,,,,,
,Asset Management,"To ensure that the organization has an accurate and detailed inventory of information and technology assets in order to support the organization’s cybersecurity and operational requirements to maintain the confidentiality, integrity and availability of information and technology assets.",,,,,,,,
2-1-1,Asset Management,,"Cybersecurity requirements for managing information and technology assets must be defined, documented and approved.",Cybersecurity requirements in asset management policy and process,,Applicable,Documentation,,,
2-1-2,Asset Management,,The cybersecurity requirements for managing information and technology assets must be implemented.,Cybersecurity requirements in asset management policy and process,,Applicable,Documentation,,,
2-1-3,Asset Management,,"Acceptable use policy of information and technology assets must be defined, documented and approved.",Acceptable use policy,,Applicable,Documentation,,,
2-1-4,Asset Management,,Acceptable use policy of information and technology assets must be implemented.,Acceptable use policy,,Applicable,Documentation,,,
2-1-5,Asset Management,,"Information and technology assets must be classified, labeled and handled as per related law and regulatory requirements.",Information Classification Policy,,Applicable,Documentation,,,
2-1-6,Asset Management,,The cybersecurity requirements for managing information and technology assets must be reviewed periodically.,Information Classification Policy,,Applicable,Documentation,,,
2-2,Identity and Access Management,,,,,,,,,
,Identity and Access Management,To ensure the secure and restricted logical access to information and technology assets in order to prevent unauthorized access and allow only authorized access for users which are necessary to accomplish assigned tasks.,,,,,,,,
2-2-1,Identity and Access Management,,"Cybersecurity requirements for identity and access management must be defined, documented and approved.",Cybersecurity Requirements  in identity and access management policy,,Applicable,Documentation,,,
2-2-2,Identity and Access Management,,The cybersecurity requirements for identity and access management must be implemented.,Cybersecurity Requirements  in identity and access management policy,,Applicable,Documentation,,,
2-2-3,Identity and Access Management,,The cybersecurity requirements for identity and access management must include at least the following,Cybersecurity Requirements  in identity and access management policy,,Applicable,Documentation,,,
2-2-3-1,Identity and Access Management,,User authentication based on username and password.,Cybersecurity Requirements  in identity and access management policy,,Applicable,Solution Implementation,,,
2-2-3-2,Identity and Access Management,,Multi-factor authentication for remote access.,Cybersecurity Requirements  in identity and access management policy,,Applicable,Solution Implementation,,,
2-2-3-3,Identity and Access Management,,"User authorization based on identity and access control principles: Need-to-Know and Need-to-Use, Least Privilege and Segregation of Duties.",Cybersecurity Requirements  in identity and access management policy,,Applicable,Solution Implementation,,,
2-2-3-4,Identity and Access Management,, Privileged access management.,Cybersecurity Requirements  in identity and access management policy,,Applicable,Solution Implementation,,,
2-2-3-5,Identity and Access Management,,Periodic review of users’ identities and access rights.,Cybersecurity Requirements  in identity and access management policy,,Applicable,Solution Implementation,,,
2-2-4,Identity and Access Management,,The Implementation of the cybersecurity requirements for identity and access management must be reviewed periodically.,Cybersecurity Requirements  in identity and access management policy,,Applicable,Solution Implementation,,,
2-3,Information System and Information Processing Facilities Protection,,,,,,,,,
,Information System and Information Processing Facilities Protection,To ensure the protection of information systems and information processing facilities (including workstations and infrastructures) against cyber risks.,,,,,,,,
2-3-1,Information System and Information Processing Facilities Protection,,"Cybersecurity requirements for protecting information systems and information processing facilities must be defined, documented and approved.",Cybersecurity requirements for protecting information systems and information,,Applicable,Documentation,,,
2-3-2,Information System and Information Processing Facilities Protection,,The cybersecurity requirements for protecting information systems and information processing facilities must be implemented.,Cybersecurity requirements for protecting information systems and information,,Applicable,Documentation,,,
2-3-3,Information System and Information Processing Facilities Protection,,The cybersecurity requirements for protecting information systems and information processing facilities must include at least the following:,Cybersecurity requirements for protecting information systems and information,,Applicable,Documentation,,,
2-3-3-1,Information System and Information Processing Facilities Protection,,,Cybersecurity requirements for protecting information systems and information,,Applicable,Documentation,,,
2-3-3-2,Information System and Information Processing Facilities Protection,,Restricted use and secure handling of external storage media.,Cybersecurity requirements for protecting information systems and information,,Applicable,Documentation,,,
2-3-3-3,Information System and Information Processing Facilities Protection,," Patch management for information systems, software and devices.",Cybersecurity requirements for protecting information systems and information,,Applicable,Solution Implementation,,,
2-3-3-4,Information System and Information Processing Facilities Protection,,"Centralized clock synchronization with an accurate and trusted source (e.g.,Saudi Standards, Metrology and Quality Organization (SASO)).",Cybersecurity requirements for protecting information systems and information,,Applicable,Recommendation,,,
2-3-4,Information System and Information Processing Facilities Protection,,The cybersecurity requirements for protecting information systems and information processing facilities must be reviewed periodically.,Cybersecurity requirements for protecting information systems and information,,Applicable,Recommendation,,,
2-4,Email Protection,,,,,,,,,
,Email Protection,To ensure the protection of organization’s email service from cyber risks.,,,,,,,,
2-4-1,Email Protection,,"Cybersecurity requirements for protecting email service must be defined, documented and approved.",Email security policy and procedures,,,,,,
2-4-2,Email Protection,,The cybersecurity requirements for email service must be implemented.,Email security policy and procedures,,Not Applicable,Out of Scope,,,
2-4-3,Email Protection,,The cybersecurity requirements for protecting the email service must include at the least the following:,Email security policy and procedures,,Not Applicable,Out of Scope,,,
2-4-3-1,Email Protection,," Analyzing and filtering email messages (specifically phishing emails and spam) using advanced and up-to-date email protection techniques.Advanced, up-to-date and secure management of malware and virus protection on servers and workstations",Email security policy and procedures,,Not Applicable,Out of Scope,,,
2-4-3-2,Email Protection,,Multi-factor authentication for remote and webmail access to email service. ,Email security policy and procedures,,Not Applicable,Out of Scope,,,
2-4-3-3,Email Protection,,Email archiving and backup.,Email security policy and procedures,,Not Applicable,Out of Scope,,,
2-4-3-4,Email Protection,,"Secure management and protection against Advanced Persistent Threats (APT), which normally utilize zero-day viruses and malware.",Email security policy and procedures,,Not Applicable,Out of Scope,,,
2-4-3-5,Email Protection,,"Validation of the organization’s email service domains (e.g., using Sender Policy Framework (SPF)).",Email security policy and procedures,,Not Applicable,Out of Scope,,,
2-4-4,Email Protection,,The cybersecurity requirements for email service must be reviewed periodically.,Email security policy and procedures,,Not Applicable,Out of Scope,,,
2-5,Networks Security Management,,,,,,,,,
,Networks Security Management,To ensure the protection of organization’s network from cyber risks.,,,,,,,,
2-5-1,Networks Security Management,,"Cybersecurity requirements for network security management must be defined, documented and approved.",Network security policy and procedures,,Applicable,Solution Implementation,,,
2-5-2,Networks Security Management,,The cybersecurity requirements for network security management must be implemented.,Network security policy and procedures,,Applicable,Solution Implementation,,,
2-5-3,Networks Security Management,,The cybersecurity requirements for network security management must include at least the following:,Network security policy and procedures,,Applicable,Solution Implementation,,,
2-5-3-1,Networks Security Management,, Logical or physical segregation and segmentation of network segments using firewalls and defense-in-depth principles.,Network security policy and procedures,,Applicable,Solution Implementation,,,
2-5-3-2,Networks Security Management,,"Network segregation between production, test and development environments",Network security policy and procedures,,Applicable,Solution Implementation,,,
2-5-3-3,Networks Security Management,,"Secure browsing and Internet connectivity including restrictions on the use of file storage/sharing and remote access websites, and protection against suspicious websites.",Network security policy and procedures,,Applicable,Solution Implementation,,,
2-5-3-4,Networks Security Management,,Wireless network protection using strong authentication and encryption techniques. A comprehensive risk assessment and management exercise must be conducted to assess and manage the cyber risks prior to connecting any wireless networks to the organization’s internal network.,Network security policy and procedures,,Applicable,Solution Implementation,,,
2-5-3-5,Networks Security Management,,"Management and restrictions on network services, protocols and ports.",Network security policy and procedures,,Applicable,Solution Implementation,,,
2-5-3-6,Networks Security Management,,Intrusion Prevention Systems (IPS).,Network security policy and procedures,,Applicable,Solution Implementation,,,
2-5-3-7,Networks Security Management,, Security of Domain Name Service (DNS).,Network security policy and procedures,,Applicable,Solution Implementation,,,
2-5-3-8,Networks Security Management,," Secure management and protection of Internet browsing channel against Advanced Persistent Threats (APT), which normally utilize zero-day viruses and malware.",Network security policy and procedures,,Applicable,Solution Implementation,,,
2-5-4,Networks Security Management,,The cybersecurity requirements for network security management must be reviewed periodically.,Network security policy and procedures,,Applicable,Solution Implementation,,,
2-6,Mobile Devices Security,,,,,,,,,
,Mobile Devices Security,"To ensure the protection of mobile devices (including laptops, smartphones, tablets) from cyber risks and to ensure the secure handling of the organization’s information (including sensitive information) while utilizing Bring Your Own Device (BYOD) policy.",,,,,,,,
2-6-1,Mobile Devices Security,,"Cybersecurity requirements for mobile devices security and BYOD must be defined, documented and approved.",Mobile device security policy and procedures,BYOD Security policy and procedures,Applicable,Solution Implementation,BYOD in scope,,
2-6-2,Mobile Devices Security,,The cybersecurity requirements for mobile devices security and BYOD must be implemented.,Mobile device security policy and procedures,BYOD Security policy and procedures,Applicable,Solution Implementation,,,
2-6-3,Mobile Devices Security,,The cybersecurity requirements for mobile devices security and BYOD must include at least the following:,Mobile device security policy and procedures,BYOD Security policy and procedures,Applicable,Solution Implementation,,,
2-6-3-1,Mobile Devices Security,,Separation and encryption of organization’s data and information stored on mobile devices and BYODs.,Mobile device security policy and procedures,BYOD Security policy and procedures,Applicable,Solution Implementation,,,
2-6-3-2,Mobile Devices Security,,Controlled and restricted use based on job requirements.,Mobile device security policy and procedures,BYOD Security policy and procedures,Applicable,Solution Implementation,,,
2-6-3-3,Mobile Devices Security,," Secure wiping of organization’s data and information stored on mobile devices and BYOD in cases of device loss, theft or after termination/separation from the organization.",Mobile device security policy and procedures,BYOD Security policy and procedures,Applicable,Solution Implementation,,,
2-6-3-4,Mobile Devices Security,,Security awareness for mobile devices users.,Mobile device security policy and procedures,,Applicable,Solution Implementation,,,
2-6-4,Mobile Devices Security,,The cybersecurity requirements for mobile devices security and BYOD must be reviewed periodically.,Mobile device security policy and procedures,BYOD Security policy and procedures,Applicable,Solution Implementation,,,
2-7,Data and Information Protection,,,,,,,,,
,Data and Information Protection,"To ensure the confidentiality, integrity and availability of organization’s data and information as per organizational policies and procedures, and related laws and regulations.",,,,,,,,
2-7-1,Data and Information Protection,,"Cybersecurity requirements for protecting and handling data and information must be defined, documented and approved as per the related laws and regulations.",Information Handling and protection standard,,Applicable,Documentation,,,
2-7-2,Data and Information Protection,,The cybersecurity requirements for protecting and handling data and information must be implemented.,Information Handling and protection standard,,Applicable,Documentation,,,
2-7-3,Data and Information Protection,,The cybersecurity requirements for protecting and handling data and information must include at least the following:,Information Handling and protection standard,,Applicable,Documentation,,,
2-7-3-1,Data and Information Protection,,Data and information ownership.,Information Handling and protection standard,,Applicable,Documentation,,,
2-7-3-2,Data and Information Protection,,Data and information classification and labeling mechanisms.,Information Handling and protection standard,,Applicable,Documentation,,,
2-7-3-3,Data and Information Protection,,Data and information privacy.,Information Handling and protection standard,,Applicable,Documentation,,,
2-7-4,Data and Information Protection,,The cybersecurity requirements for protecting and handling data and information must be reviewed periodically.,Information Handling and protection standard,,Applicable,Documentation,,,
2-8,Cryptography,,,,,,,,,
,Cryptography,"To ensure the proper and efficient use of cryptography to protect information assets as per organizational policies and procedures, and related laws and regulations.",,,,,,,,
2-8-1,Cryptography,,"Cybersecurity requirements for cryptography must be defined, documented and approved.",Cryptography policy,,Applicable,Solution Implementation,With client's approval,,
2-8-2,Cryptography,,The cybersecurity requirements for cryptography must be implemented.,Cryptography policy,,Applicable,Solution Implementation,,,
2-8-3,Cryptography,,The cybersecurity requirements for cryptography must include at least the following:,Cryptography policy,,Applicable,Solution Implementation,,,
2-8-3-1,Cryptography,,Approved cryptographic solutions standards and its technical and regulatory limitations. ,Cryptography policy,,Applicable,Solution Implementation,,,
2-8-3-2,Cryptography,,Secure management of cryptographic keys during their lifecycles.,Cryptography policy,,Applicable,Solution Implementation,,,
2-8-3-3,Cryptography,,Encryption of data in-transit and at-rest as per classification and related laws and regulations.,Cryptography policy,,Applicable,Solution Implementation,,,
2-8-4,Cryptography,,The cybersecurity requirements for cryptography must be reviewed periodically.,Cryptography policy,,Applicable,Solution Implementation,,,
2-9,Backup and Recovery Management,,,,,,,,,
,Backup and Recovery Management,"To ensure the protection of organization’s data and information including information systems and software configurations from cyber risks as per organizational policies and procedures, and related laws and regulations.",,,,,,,,
2-9-1,Backup and Recovery Management,,"Cybersecurity requirements for backup and recovery management must be defined, documented and approved.",Backup and recovery Policy and procedures,,Applicable,Solution Implementation,,,
2-9-2,Backup and Recovery Management,,The cybersecurity requirements for backup and recovery management must be implemented.,Backup and recovery Policy and procedures,,Applicable,Solution Implementation,,,
2-9-3,Backup and Recovery Management,,The cybersecurity requirements for backup and recovery management must include at least the following:,Backup and recovery Policy and procedures,,Applicable,Solution Implementation,,,
2-9-3-1,Backup and Recovery Management,,Scope and coverage of backups to cover critical technology and information assets. ,Backup and recovery Policy and procedures,,Applicable,Solution Implementation,,,
2-9-3-2,Backup and Recovery Management,,Ability to perform quick recovery of data and systems after cybersecurity incidents.,Backup and recovery Policy and procedures,,Applicable,Solution Implementation,,,
 2-9-3-3,Backup and Recovery Management,, Periodic tests of backup’s recovery effectiveness.,Backup and recovery Policy and procedures,,Applicable,Solution Implementation,,,
2-9-4,Backup and Recovery Management,,The cybersecurity requirements for backup and recovery management must be reviewed periodically.,Backup and recovery Policy and procedures,,Applicable,Solution Implementation,,,
2-10,Vulnerabilities Management,,,,,,,,,
,Vulnerabilities Management,To ensure timely detection and effective remediation of technical vulnerabilities to prevent or minimize the probability of exploiting these vulnerabilities to launch cyber attacks against the organization.,,,,,,,,
2-10-1,Vulnerabilities Management,,"Cybersecurity requirements for technical vulnerabilities management must be defined, documented and approved.","Vulnerability management and penetration testing policy, process and procedures ",,Applicable,Solution Implementation,Nozomi,,
2-10-2,Vulnerabilities Management,,The cybersecurity requirements for technical vulnerabilities management must be implemented.,"Vulnerability management and penetration testing policy, process and procedures ",,Applicable,Solution Implementation,,,
2-10-3,Vulnerabilities Management,,The cybersecurity requirements for technical vulnerabilities management must include at least the following:,"Vulnerability management and penetration testing policy, process and procedures ",,Applicable,Solution Implementation,,,
2-10-3-1,Vulnerabilities Management,,Periodic vulnerabilities assessments.,"Vulnerability management and penetration testing policy, process and procedures ",,Applicable,Solution Implementation,,,
2-10-3-2,Vulnerabilities Management,,Vulnerabilities classification based on criticality level.,"Vulnerability management and penetration testing policy, process and procedures ",,Applicable,Solution Implementation,,,
2-10-3-3,Vulnerabilities Management,,Vulnerabilities remediation based on classification and associated risk levels. ,"Vulnerability management and penetration testing policy, process and procedures ",,Applicable,Solution Implementation,,,
2-10-3-4,Vulnerabilities Management,,Security patch management.,"Vulnerability management and penetration testing policy, process and procedures ",,Applicable,Solution Implementation,,,
2-10-3-5,Vulnerabilities Management,,Subscription with authorized and trusted cybersecurity resources for up-to-date information and notifications on technical vulnerabilities.,"Vulnerability management and penetration testing policy, process and procedures ",,Applicable,Solution Implementation,,,
2-10-4,Vulnerabilities Management,,The cybersecurity requirements for technical vulnerabilities management must be reviewed periodically.,"Vulnerability management and penetration testing policy, process and procedures ",,Applicable,Solution Implementation,,,
2-11,Penetration Testing,,,,,,,,,
,Penetration Testing,To assess and evaluate the efficiency of the organization’s cybersecurity defense capabilities through simulated cyber-attacks to discover unknown weaknesses within the technical infrastructure that may lead to a cyber breach.,,,,,,,,
2-11-1,Penetration Testing,,"Cybersecurity requirements for penetration testing exercises must be defined, documented and approved.",Vulnerability management and penetration testing reports cybersecurity roadmap,,Applicable,Recommendation,,,
2-11-2,Penetration Testing,,The cybersecurity requirements for penetration testing processes must be implemented.,Vulnerability management and penetration testing reports cybersecurity roadmap,,Applicable,Recommendation,,,
2-11-3,Penetration Testing,,The cybersecurity requirements for penetration testing processes must include at least the following:,Vulnerability management and penetration testing reports cybersecurity roadmap,,Applicable,Recommendation,,,
2-11-3-1,Penetration Testing,,"Scope of penetration tests which must cover Internet-facing services and its technical components including infrastructure, websites, web applications, mobile apps, email and remote access.",Vulnerability management and penetration testing reports cybersecurity roadmap,,Applicable,Recommendation,,,
2-11-3-2,Penetration Testing,,Conducting penetration tests periodically.,Vulnerability management and penetration testing reports cybersecurity roadmap,,Applicable,Recommendation,,,
2-11-4,Penetration Testing,,Cybersecurity requirements for penetration testing processes must be reviewed periodically.,Vulnerability management and penetration testing reports cybersecurity roadmap,,Applicable,Recommendation,,,
2-12,Cybersecurity Event Logs and Monitoring Management,,,,,,,,,
,Cybersecurity Event Logs and Monitoring Management,"To ensure timely collection, analysis and monitoring of cybersecurity events for early detection of potential cyber-attacks in order to prevent or minimize the negative impacts on the organization’s operations.",,,,,,,,
2-12-1,Cybersecurity Event Logs and Monitoring Management,,"Cybersecurity requirements for event logs and monitoring management must be defined, documented and approved.",event monitoring standard,,Applicable,Solution Implementation,SIEM,,
2-12-2,Cybersecurity Event Logs and Monitoring Management,,The cybersecurity requirements for event logs and monitoring management must be implemented.,event monitoring standard,,Applicable,Solution Implementation,,,
2-12-3,Cybersecurity Event Logs and Monitoring Management,,The cybersecurity requirements for event logs and monitoring management must include at least the following:,event monitoring standard,,Applicable,Solution Implementation,,,
2-12-3-1,Cybersecurity Event Logs and Monitoring Management,,Activation of cybersecurity event logs on critical information assets.,event monitoring standard,,Applicable,Solution Implementation,,,
2-12-3-2,Cybersecurity Event Logs and Monitoring Management,,Activation of cybersecurity event logs on remote access and privileged user accounts.  ,event monitoring standard,,Applicable,Solution Implementation,,,
2-12-3-3,Cybersecurity Event Logs and Monitoring Management,,"Identification of required technologies (e.g., SIEM) for cybersecurity event logs collection.",event monitoring standard,,Applicable,Solution Implementation,,,
2-12-3-4,Cybersecurity Event Logs and Monitoring Management,,Continuous monitoring of cybersecurity events.,event monitoring standard,,Applicable,Solution Implementation,,,
2-12-3-5,Cybersecurity Event Logs and Monitoring Management,,Retention period for cybersecurity event logs (must be 12 months minimum).,event monitoring standard,,Applicable,Solution Implementation,,,
2-12-4,Cybersecurity Event Logs and Monitoring Management,,The cybersecurity requirements for event logs and monitoring management must be reviewed periodically.,event monitoring standard,,Applicable,Solution Implementation,,,
2-13,Cybersecurity Incident and Threat Management,,,,,,,,,
,Cybersecurity Incident and Threat Management,"To ensure timely identification, detection, effective management and handling of cybersecurity incidents and threats to prevent or minimize negative impacts on organization’s operation taking into consideration the Royal Decree number 37140, dated 14/8/1438H.",,,,,,,,
2-13-1,Cybersecurity Incident and Threat Management,,"Requirements for cybersecurity incidents and threat management must be defined, documented and approved.","Incident management Policy, process and procedures",,Applicable,Documentation,,,
2-13-2,Cybersecurity Incident and Threat Management,,The requirements for cybersecurity incidents and threat management must be implemented.,"Incident management Policy, process and procedures",,Applicable,Documentation,,,
2-13-3,Cybersecurity Incident and Threat Management,,The requirements for cybersecurity incidents and threat management must include at least the following:,"Incident management Policy, process and procedures",,Applicable,Documentation,,,
2-13-3-1,Cybersecurity Incident and Threat Management,,Cybersecurity incident response plans and escalation procedures.,"Incident management Policy, process and procedures",,Applicable,Documentation,,,
2-13-3-2,Cybersecurity Incident and Threat Management,,Cybersecurity incidents classification.,"Incident management Policy, process and procedures",,Applicable,Documentation,,,
2-13-3-3,Cybersecurity Incident and Threat Management,,Cybersecurity incidents reporting to NCA.,"Incident management Policy, process and procedures",,Applicable,Documentation,,,
2-13-3-4,Cybersecurity Incident and Threat Management,,"Sharing incidents notifications, threat intelligence, breach indicators and reports with NCA.","Threat intelligence policy, process and procedures",,Applicable,Documentation,,,
 2-13-3-5 ,Cybersecurity Incident and Threat Management,,Collecting and handling threat intelligence feeds.,"Threat intelligence policy, process and procedures",,Applicable,Documentation,,,
2-13-4,Cybersecurity Incident and Threat Management,,The requirements for cybersecurity incidents and threat management must be reviewed periodically.,"Threat intelligence policy, process and procedures",,Applicable,Documentation,,,
2-14,Physical Security,,,,,,,,,
,Physical Security,"To ensure the protection of information and technology assets from unauthorized physical access, loss, theft and damage.",,,,,,,,
2-14-1,Physical Security,,"Cybersecurity requirements for physical protection of information and technology assets must be defined, documented and approved.",Physical security Policy,,Applicable,Recommendation,,,
2-14-2,Physical Security,,The cybersecurity requirements for physical protection of information and technology assets must be implemented.,Physical security Policy,,Applicable,Recommendation,,,
2-14-3,Physical Security,,The cybersecurity requirements for physical protection of information and technology assets must include at least the following:,Physical security Policy,,Applicable,Recommendation,,,
2-14-3-1,Physical Security,,"Authorized access to sensitive areas within the organization (e.g., data center, disaster recovery center, sensitive information processing facilities, security surveillance center, network cabinets).",Physical security Policy,,Applicable,Recommendation,,,
2-14-3-2,Physical Security,,Facility entry/exit records and CCTV monitoring. ,Physical security Policy,,Applicable,Recommendation,,,
2-14-3-3,Physical Security,,Protection of facility entry/exit and surveillance records.,Physical security Policy,,Applicable,Recommendation,,,
2-14-3-4,Physical Security,,Secure destruction and re-use of physical assets that hold classified information (including documents and storage media).,Physical security Policy,,Applicable,Recommendation,,,
2-14-3-5,Physical Security,,Security of devices and equipment inside and outside the organization’s facilities.,Physical security Policy,,Applicable,Recommendation,,,
2-14-4,Physical Security,,The cybersecurity requirements for physical protection of information and technology assets must be reviewed periodically.,Physical security Policy,,Applicable,Recommendation,,,
2-15,Web Application Security,,,,,,,,,
,Web Application Security,To ensure the protection of external web applications against cyber risks.,,,,,,,,
2-15-1,Web Application Security,,"Cybersecurity requirements for external web applications must be defined, documented and approved.",Application Secuirty Policy,,Not Applicable,Out of Scope,,,
2-15-2,Web Application Security,,The cybersecurity requirements for external web applications must be implemented.,Application Secuirty Policy,,Not Applicable,Out of Scope,,,
2-15-3,Web Application Security,,The cybersecurity requirements for external web applications must include at least the following: ,Application Secuirty Policy,,Not Applicable,Out of Scope,,,
2-15-3-1,Web Application Security,,Use of web application firewall.,Application Secuirty Policy,,Not Applicable,Out of Scope,,,
2-15-3-2,Web Application Security,, Adoption of the multi-tier architecture principle.  ,Application Secuirty Policy,,Not Applicable,Out of Scope,,,
2-15-3-3,Web Application Security,,"Use of secure protocols (e.g., HTTPS).",Application Secuirty Policy,,Not Applicable,Out of Scope,,,
2-15-3-4,Web Application Security,,Clarification of the secure usage policy for users.,Application Secuirty Policy,,Not Applicable,Out of Scope,,,
 2-15-3-5 ,Web Application Security,,Multi-factor authentication for users’ access.,Application Secuirty Policy,,Not Applicable,Out of Scope,,,
2-15-4,Web Application Security,,The cybersecurity requirements for external web applications must be reviewed periodically.,Application Secuirty Policy,,Not Applicable,Out of Scope,,,
3-1,Cybersecurity Resilience Aspects of Business Continuity Management (BCM),,,,,,,,,
,Cybersecurity Resilience Aspects of Business Continuity Management (BCM),"To ensure the inclusion of the cybersecurity resiliency requirements within the organization’s business continuity management and to remediate and minimize the impacts on systems, information processing facilities and critical e-services from disasters caused by cybersecurity incidents.",,,,,,,,
3-1-1,Cybersecurity Resilience Aspects of Business Continuity Management (BCM),,"Cybersecurity requirements for business continuity management must be defined, documented and approved.",Cybersecurity Requirements in Business continuity management ,,Applicable,Documentation,,,
3-1-2,Cybersecurity Resilience Aspects of Business Continuity Management (BCM),,The cybersecurity requirements for business continuity management must be implemented.,Cybersecurity Requirements in Business continuity management ,,Applicable,Documentation,,,
3-1-3,Cybersecurity Resilience Aspects of Business Continuity Management (BCM),,The cybersecurity requirements for business continuity management must include at least the following:,Cybersecurity Requirements in Business continuity management ,,Applicable,Documentation,,,
3-1-3-1,Cybersecurity Resilience Aspects of Business Continuity Management (BCM),,Ensuring the continuity of cybersecurity systems and procedures.,Cybersecurity Requirements in Business continuity management ,,Applicable,Documentation,,,
3-1-3-2,Cybersecurity Resilience Aspects of Business Continuity Management (BCM),,Developing response plans for cybersecurity incidents that may affect the business continuity.,Cybersecurity Requirements in Business continuity management ,,Applicable,Documentation,,,
3-1-3-3,Cybersecurity Resilience Aspects of Business Continuity Management (BCM),,Developing disaster recovery plans.,Cybersecurity Requirements in Business continuity management ,,Applicable,Documentation,,,
3-1-4,Cybersecurity Resilience Aspects of Business Continuity Management (BCM),,The cybersecurity requirements for business continuity management must be reviewed periodically.,Cybersecurity Requirements in Business continuity management ,,Applicable,Documentation,,,
4-1,Third-Party Cybersecurity,,,,,,,,,
,Third-Party Cybersecurity,"To ensure the protection of assets against the cybersecurity risks related to third-parties including outsourcing and managed services as per organizational policies and procedures, and related laws and regulations.",,,,,,,,
4-1-1,Third-Party Cybersecurity,,"Cybersecurity requirements for contracts and agreements with third-parties must be identified, documented and approved.",Cybersecurity requirements in third party management,,Applicable,Documentation,,,
4-1-2,Third-Party Cybersecurity,,"The cybersecurity requirements for contracts and agreements with third-parties (e.g., Service Level Agreement (SLA)) -which may affect, if impacted, the organization’s data or services- must include at least the following:",Cybersecurity requirements in third party management,,Applicable,Documentation,,,
4-1-2-1,Third-Party Cybersecurity,,Non-disclosure clauses and secure removal of organization’s data by third parties upon end of service.,Cybersecurity requirements in third party management,,Applicable,Documentation,,,
4-1-2-2,Third-Party Cybersecurity,,Communication procedures in case of cybersecurity incidents.,Cybersecurity requirements in third party management,,Applicable,Documentation,,,
4-1-2-3,Third-Party Cybersecurity,,"Requirements for third-parties to comply with related organizational policies and procedures, laws and regulations.",Cybersecurity requirements in third party management,,Applicable,Documentation,,,
4-1-3,Third-Party Cybersecurity,,The cybersecurity requirements for contracts and agreements with IT outsourcing and managed services third-parties must include at least the following:,Cybersecurity requirements in third party management,,Applicable,Documentation,,,
4-1-3-1 ,Third-Party Cybersecurity,,Conducting a cybersecurity risk assessment to ensure the availability of risk mitigation controls before signing contracts and agreements or upon changes in related regulatory requirements.,Cybersecurity requirements in third party management,,Applicable,Documentation,,,
4-1-3-2,Third-Party Cybersecurity,,Cybersecurity managed services centers for monitoring and operations must be completely present inside the Kingdom of Saudi Arabia.,Cybersecurity requirements in third party management,,Applicable,Documentation,,,
4-1-4,Third-Party Cybersecurity,,The cybersecurity requirements for contracts and agreements with third-parties must be reviewed periodically.,Cybersecurity requirements in third party management contracts and agreements,,Applicable,Documentation,,,
4-2,Cloud Computing and Hosting Cybersecurity,,,,,,,,,
,Cloud Computing and Hosting Cybersecurity,"To ensure the proper and efficient remediation of cyber risks and the implementation of cybersecurity requirements related to hosting and cloud computing as per organizational policies and procedures, and related laws and regulations. It is also to ensure the protection of the organization’s information and technology assets hosted on the cloud or processed/managed by third-parties.",,,,,,,,
4-2-1,Cloud Computing and Hosting Cybersecurity,,"Cybersecurity requirements related to the use of hosting and cloud computing services must be defined, documented and approved.",Cybersecurity requirements in cloud computing,,Not Applicable,Out of Scope,,,
4-2-2,Cloud Computing and Hosting Cybersecurity,,The cybersecurity requirements related to the use of hosting and cloud computing services must be implemented.,Cybersecurity requirements in cloud computing,,Not Applicable,Out of Scope,,,
4-2-3,Cloud Computing and Hosting Cybersecurity,,"In line with related and applicable laws and regulations, and in addition to the applicable ECC controls from main domains (1), (2), (3) and subdomain (4-1), the cybersecurity requirements related to the use of hosting and cloud computing services must include at least the following:",Cybersecurity requirements in cloud computing,,Not Applicable,Out of Scope,,,
4-2-3-1,Cloud Computing and Hosting Cybersecurity,,Classification of data prior to hosting on cloud or hosting services and returning data (in a usable format) upon service completion.,Cybersecurity requirements in cloud computing,,Not Applicable,Out of Scope,,,
4-2-3-2,Cloud Computing and Hosting Cybersecurity,,Separation of organization’s environments (specifically virtual servers) from other environments hosted at the cloud service provider.,Cybersecurity requirements in cloud computing,,Not Applicable,Out of Scope,,,
4-2-3-3,Cloud Computing and Hosting Cybersecurity,,Organization’s information hosting and storage must be inside the Kingdom of Saudi Arabia.,Cybersecurity requirements in cloud computing,,Not Applicable,Out of Scope,,,
4-2-4,Cloud Computing and Hosting Cybersecurity,,The cybersecurity requirements related to the use of hosting and cloud computing services must be reviewed periodically.,Cloud Computing security assessment report,,Not Applicable,Out of Scope,,,
5-1,Industrial Control Systems (ICS) Protection,,,,,,,,,
,Industrial Control Systems (ICS) Protection,"To ensure the appropriate and effective cybersecurity management of Industrial Controls Systems and Operational Technology (ICS/OT) to protect the confidentiality, integrity and availability of the organization’s assets against cyber attacks (e.g., unauthorized access, destruction, spying and fraud) in line with the organization’s cybersecurity strategy and related and applicable local and international laws and regulations.",,,,,,,,
5-1-1,Industrial Control Systems (ICS) Protection,,"Cybersecurity requirements related to Industrial Controls Systems and Operational Technology (ICS/OT) must be defined, documented and approved.",Industrial Control systems and operational technology security policy,,Applicable,Solution Implementation,Yes,"HLD (Need signatures??), Project requirement, OT Systems Security Standard",
5-1-2,Industrial Control Systems (ICS) Protection,,The cybersecurity requirements related to Industrial Controls Systems and Operational Technology (ICS/OT) must be implemented.,Industrial Control systems and operational technology security policy,,Applicable,Solution Implementation,Yes,Proof of implemented security controls. See below,
5-1-3,Industrial Control Systems (ICS) Protection,,"In addition to the applicable ECC controls from the main domains (1), (2), (3) and (4), the cybersecurity requirements related to Industrial Controls Systems and Operational Technology (ICS/OT) must include at least the following:",Industrial Control systems and operational technology security,,Applicable,Solution Implementation,,,
5-1-3-1 ,Industrial Control Systems (ICS) Protection,,"Strict physical and virtual segmentation when connecting industrial production networks to other networks within the organization (e.g., corporate network).",Industrial Control systems and operational technology security,,Applicable,Solution Implementation,Yes,"Complete physical and virutal segretation between IT & OT is implemented.
Evidence: Architecutre, Physical verification, Logical (IP segmentation, DMZ, Zones)",
5-1-3-2,Industrial Control Systems (ICS) Protection,,"Strict physical and virtual segmentation when connecting systems and industrial networks with external networks (e.g., Internet, wireless, remote access).",Industrial Control systems and operational technology security,,Applicable,Solution Implementation,Yes,"No wireless
No direct internet connection.
No remote access from outside OT network.
All services dependent on internet go through 3 firewalls and a proxy/intermediate servers at the IT layer.
Evidence: Architecutre, Physical verification, Logical (IP segmentation, DMZ, Zones)",
5-1-3-3,Industrial Control Systems (ICS) Protection,,Continuous monitoring and activation of cybersecurity event logs on the industrial networks and its connections.,Industrial Control systems and operational technology security,,Applicable,Solution Implementation,Under process,"Events log are being created and collected at OT level, and sent to Qradar at IT level.
Evidence: Naveed to provide",
5-1-3-4,Industrial Control Systems (ICS) Protection,,Isolation of Safety Instrumental Systems (SIS).,Industrial Control systems and operational technology security,,Applicable,Solution Implementation,N/A,There are no separate SIS in MCBU. Appropriate zoning is implemented to segregate SCADA network from control network,
5-1-3-5,Industrial Control Systems (ICS) Protection,,Strict limitation on the use of external storage media.,Industrial Control systems and operational technology security,,Applicable,Solution Implementation,Under process,"USB control implemented. DVD disabled.
Evidence: Naveed to provide
Procedure under development",
5-1-3-6,Industrial Control Systems (ICS) Protection,,Strict limitation on connecting mobile devices to industrial production networks.,Industrial Control systems and operational technology security,,Applicable,Solution Implementation,Under process,"No mobile devices are allowed on OT network.
All spare switch ports are disabled.
No wireless access.
Procedure under development to manage laptops",
5-1-3-7,Industrial Control Systems (ICS) Protection,,"Periodic review and secure configuration and hardening of industrial, automated, support systems, and devices",Industrial Control systems and operational technology security,,Applicable,Solution Implementation,Yes,"Secure configuration and hardening is designed for industrial control systems and implemented.
Evidence: HLD, LLD, implementation",
5-1-3-8,Industrial Control Systems (ICS) Protection,,Vulnerability management for industrial control systems and operational technology (ICS/OT).,Industrial Control systems and operational technology security,,Applicable,Solution Implementation,Yes,Nozomi network based VMS is implemented,
5-1-3-9,Industrial Control Systems (ICS) Protection,,Patch management for industrial control systems and operational technology (ICS/OT).,Industrial Control systems and operational technology security,,Applicable,Solution Implementation,Yes,Implemented,
5-1-3-10,Industrial Control Systems (ICS) Protection,,Cybersecurity applications management related to the protection of the industrial systems from viruses and malware.,Industrial Control systems and operational technology security,,Applicable,Solution Implementation,Yes,Implemented,
5-1-4,Industrial Control Systems (ICS) Protection,,The cybersecurity requirements related to Industrial Controls Systems and Operational Technology (ICS/OT) must be reviewed periodically.,Industrial Control systems and operational technology security assessment reports,,Applicable,Solution Implementation,Under process,Policy and procedure under process for periodic review,
,,,,,,,,,,
